id,title,description,availability,condition,price,sale_price,link,image_link,additional_image_link,brand,product_type
PROD-IINTELLIGENCEI-655415,"iINTELLIGENCEi Big Stone Diya, Natural Granite Handmade Oil Lamp for Home Temple Pooja, Traditional Stone Deepam Vilakku for Diwali Karthigai Deepam, 10x9x4.5 cm 407 gm Decorative Prayer Lamp","Elevate your daily prayers and festive celebrations with the iINTELLIGENCEi Big Stone Diya, a masterfully handcrafted natural granite oil lamp that blends timeless tradition with understated luxury. Carved from a solid block of premium stone, this deepam carries the earthy, speckled beauty of authentic Indian craftsmanship, making it a striking centrepiece for any home temple, altar or sacred corner. Designed as a versatile stone vilakku, this diya is perfect for lighting with pure ghee, sesame oil or coconut oil. The generously proportioned bowl holds a steady pool of oil, while the moulded spout cradles the cotton wick to produce a warm, calming flame. Whether used for morning aarti, evening deepam, Satyanarayan pooja or grand festival displays, this stone oil lamp delivers a serene, meditative glow that transforms your space. Crafted from dense, heat-resistant natural granite, this heavy stone diya offers exceptional durability and remains completely reusable year after year. Unlike fragile clay lamps, this stone deepak resists cracking, does not absorb oil unevenly and cleans effortlessly, making it a truly eco-friendly and sustainable prayer lamp for conscious households. This premium stone lamp is ideal for Diwali, Deepavali, Karthigai Deepam, housewarming ceremonies, weddings and everyday spiritual rituals. Its rustic yet refined finish complements traditional and contemporary interiors alike, doubling as elegant spiritual home decor and a thoughtful gift for loved ones who cherish Indian temple accessories. Measuring 10 x 9 x 4.5 cm and weighing a substantial 407 grams, this big stone diya sits firm and stable on any surface without tipping. Its solid heft reflects genuine hand-carved quality. Simply wipe clean after use, refill with oil and relight to enjoy this natural stone decor for generations of blessings and light. VERSATILE POOJA LAMP: Perfect for home temple aarti, Diwali, Deepavali and Karthigai Deepam, this handmade stone diya lights beautifully with ghee, sesame or coconut oil for daily worship and festive rituals. • NATURAL GRANITE BUILD: Carved from a solid block of dense heat-resistant natural stone, this deepam offers premium durability, an authentic speckled finish and refined earthy elegance for sacred spaces. • ELEGANT HANDCRAFTED DESIGN: A generous oil bowl and moulded wick spout deliver a steady, calming flame while the rustic hand-carved surface doubles as luxurious spiritual home decor. • REUSABLE AND ECO FRIENDLY: Unlike fragile clay lamps, this heavy stone deepak resists cracking, cleans easily and stays reusable for years, making it a sustainable eco-friendly prayer lamp. • STABLE PREMIUM SIZE: Measuring 10 x 9 x 4.5 cm and weighing a solid 407 gm, this big stone vilakku sits firm without tipping and reflects genuine hand-carved craftsmanship.",in stock,new,1499.00 INR,499.00 INR,https://www.indiabusinessinternational.online/p/big-stone-diya-natural-granite-handmade-oil-lamp-for-home-temple-pooja/,https://drive.google.com/thumbnail?id=17a7ZnKPWVfhi1KAggTfdIK3_Sao7NEPX&sz=w1600,"https://drive.google.com/thumbnail?id=1dIB3ZtSpYdO4ivy17IkP5WNwMMZ2c5HC&sz=w1600,https://drive.google.com/thumbnail?id=1BrBAH6T6uc2qqWBag3iFdSFmDgQ5MxkR&sz=w1600,https://drive.google.com/thumbnail?id=1Bvg-x0kQOFe5cZvPVAOs6IyWXI4Umrql&sz=w1600,https://drive.google.com/thumbnail?id=1o7hiFTyDvAlFfzXvpPxRbIedQPvbkpSv&sz=w1600,https://drive.google.com/thumbnail?id=1vX158bzla3vtrWJhZcfIgdK6C3Jp5wfI&sz=w1600,https://drive.google.com/thumbnail?id=1cdHe5oj60n8Tc5DXZVx6MfatiMjNQ3kM&sz=w1600,https://drive.google.com/thumbnail?id=1FvA3o53d32yL05zBE0r0GWKTmvFV0Bj1&sz=w1600,https://drive.google.com/thumbnail?id=19wa5_WhGrGUnhL5U43fANsXZdlZZhuWD&sz=w1600",iINTELLIGENCEi,home
PROD-IINTELLIGENCEI-049034,"iINTELLIGENCEi Therali Leaves Fresh Natural Food Wrapping Leaves for Kozhukattai Appam Steam Cooking, Aromatic Traditional Kerala Ingredient, Eco Friendly Edible Leaf, 50 Qty & 100 Qty Pack","Discover the authentic essence of Kerala cuisine with iINTELLIGENCEi Therali Leaves, a premium selection of fresh, hand-picked leaves cherished across South India for their natural aroma and traditional culinary charm. Known regionally as Therali Ila or Therali Ela, these leaves transform everyday cooking into a fragrant, heritage-rich experience worthy of any festive celebration. Prized as the classic wrap for Therali Kozhukattai and Therali Appam, each leaf imparts a subtle herbal fragrance that infuses steamed rice dumplings and jaggery-sweetened treats with an unmistakable earthy depth. As the leaves gently release their essence during steaming, they elevate homemade Kerala snacks into aromatic delicacies loved by families for generations. Sourced with care, these fresh green leaves are naturally sturdy, flexible and ideally shaped for rolling, folding and securing sweet or savoury fillings. Their smooth surface and pliable texture make wrapping effortless, while their eco friendly, biodegradable nature offers a guilt-free alternative to plastic and foil food wraps. Every pack delivers clean, edible-grade leaves suited to steam cooking, festival preparations and traditional South Indian recipes. Choose the convenient 50 Qty Pack for family use or the generous 100 Qty Pack for gatherings, festivals and bulk cooking. Each pack weighs approximately 79 g, keeping the leaves light, fresh and easy to store. To preserve their freshness, keep the leaves refrigerated in a sealed bag and rinse gently before use. Handle with care to retain their natural aroma and vibrant green colour until cooking. Perfect for home cooks, culinary enthusiasts and anyone seeking authentic Kerala ingredients, these aromatic herbal leaves bring premium tradition to your kitchen. Buy Therali Leaves online and rediscover the timeless flavour of genuine South Indian cooking. VERSATILE COOKING WRAP: Ideal for wrapping Therali Kozhukattai, Appam and steamed rice dumplings, these fresh Kerala leaves suit festive sweets, savoury snacks and authentic South Indian recipes. • NATURAL EDIBLE QUALITY: Hand-picked fresh green leaves offer edible-grade purity, releasing a subtle herbal aroma that enriches every steamed dish with genuine traditional Kerala flavour. • EASY TO FOLD DESIGN: Smooth, pliable and naturally sturdy, each leaf rolls and folds effortlessly around fillings, making home cooking simple, clean and enjoyable for all skill levels. • ECO FRIENDLY AND FRESH: Biodegradable and chemical-free, these natural wrapping leaves replace plastic and foil, staying fresh and flexible for reliable steam cooking every time. • CONVENIENT PACK SIZES: Available in 50 Qty and 100 Qty packs weighing about 79 g, this lightweight bundle stores easily and suits both daily meals and large festive gatherings.",in stock,new,749.00 INR,299.00 INR,https://www.indiabusinessinternational.online/p/therali-leaves-fresh-natural-food-wrapping-leaves-for-kozhukattai-appam-steam/,https://drive.google.com/thumbnail?id=1MNBj89UJKGpvYIDW_unVcxqsNKH_iTnf&sz=w1600,"https://drive.google.com/thumbnail?id=1w4ReowfWfRZUxEptSPGr2dfcs7R-XD-B&sz=w1600,https://drive.google.com/thumbnail?id=18DsBhYd6B9hKWBrVWcHtPqq40fKqe_Ie&sz=w1600,https://drive.google.com/thumbnail?id=1HdHx7PPoWsZUtvp8FO3lx2fyK0tPg-RN&sz=w1600,https://drive.google.com/thumbnail?id=1FLYFQAFrm_e_haLx6oir56D5fYQsW4eE&sz=w1600,https://drive.google.com/thumbnail?id=1tCDMlSynvZOyY-w8hb5_sNGjrA7yF4EM&sz=w1600,https://drive.google.com/thumbnail?id=1UPwtJgG3bQLnittUE2d8zdPW-OLaIcvK&sz=w1600,https://drive.google.com/thumbnail?id=1Q5FW5QWCB7cn6LO_SInjAOMvZcpu3QYw&sz=w1600,https://drive.google.com/thumbnail?id=1tUASrwxJrDGL0uIdk7ijv3G80LQASuon&sz=w1600",iINTELLIGENCEi,home
PROD-IINTELLIGENCEI-226543,"iINTELLIGENCEi Fresh Biriyani Leaves 10 Qty Pack, Farm Fresh Aromatic Rambai Rampe Screwpine Pandan Leaves for Rice, Payasam, Desserts, Tea, South Indian Kerala Cooking Herbs, Natural Pandanus 56 gram","Elevate every dish with iINTELLIGENCEi Fresh Pandan Leaves, a premium 10 quantity pack of farm fresh aromatic screwpine sourced from lush South Indian gardens. Known regionally as Rambai, Rampe, Biriyani and Pandanus leaves, these vibrant green fronds release a nutty, floral fragrance that transforms ordinary cooking into an indulgent sensory experience treasured across Kerala, Tamil Nadu and beyond. Hand-selected for freshness, each leaf is long, glossy and richly coloured, delivering the authentic essence prized by home cooks and professional chefs alike. Add these fresh cooking leaves to biryani, pulao and steamed rice for that signature aroma, or simmer them into payasam, kheer and traditional desserts for a luxurious depth of flavour. Beyond rice and sweets, these natural pandan leaves infuse teas, curries, coconut milk gravies and slow-cooked meats with an unmistakable fragrance. Simply rinse, tie into a knot or shred, and drop into the pot; remove before serving. The leaves may also be blended for natural green colouring in cakes, custards and beverages, making them a versatile pantry essential. Thoughtfully packed to lock in moisture and freshness, this convenient 10 quantity pack weighs 56 g, offering ample aromatic leaves for multiple recipes. Store refrigerated in a sealed bag or wrap to preserve their vivid colour and potent scent for longer culinary enjoyment. Perfect for lovers of traditional Indian cooking ingredients, South Indian herbs and edible aromatic leaves, this farm fresh selection suits everyday kitchens, festive feasts and experimental gourmet creations. Whether crafting fragrant Kerala biryani, silky payasam or soothing herbal tea, these premium screwpine leaves bring garden-fresh authenticity and refined aroma to your table with dependable quality every single time you cook. VERSATILE AROMATIC LEAVES: Ideal for biryani, pulao, steamed rice, payasam, kheer, desserts, curries and herbal tea, these fresh pandan leaves add signature South Indian fragrance to countless recipes. • FARM FRESH QUALITY: Hand-picked screwpine fronds are glossy, vibrant green and rich in natural essential oils, delivering authentic Rambai and Rampe aroma prized in traditional Kerala and Tamil cooking. • EASY TO USE: Simply rinse, knot or shred the leaves, simmer in your dish, then remove before serving for effortless fragrance, or blend them for natural green colour in cakes and drinks. • GARDEN FRESH FRESHNESS: Carefully packed to lock in moisture, these leaves retain their vivid colour and potent scent when refrigerated in a sealed wrap, ready for repeated aromatic culinary use. • CONVENIENT PACK SIZE: This handy 10 quantity pack weighs 56 g, offering generous aromatic leaves for multiple family meals, festive feasts and everyday gourmet cooking with reliable freshness.",in stock,new,375.00 INR,249.00 INR,https://www.indiabusinessinternational.online/p/fresh-biriyani-leaves-10-qty-pack-farm-fresh-aromatic-rambai-rampe-screwpine/,https://drive.google.com/thumbnail?id=1u4LxrLy2uIc8VD-KTtIAuCkOMRL9jBH1&sz=w1600,"https://drive.google.com/thumbnail?id=1dd5QsYkN9OZjjYTTtkHVz6J67gdgJ0P_&sz=w1600,https://drive.google.com/thumbnail?id=1tfNST7GmcICNAzIWB2J1OoRywhZdAR2v&sz=w1600,https://drive.google.com/thumbnail?id=1fPI_PTVwqwGg4UgyTw0Xs7PpMHthd0Gr&sz=w1600,https://drive.google.com/thumbnail?id=16EbyihhinCLLwbEPNC7tV93RqNJYVmI8&sz=w1600,https://drive.google.com/thumbnail?id=1ijOjhi2hmHiUfilLi2XvGMt-YhzhWpjH&sz=w1600,https://drive.google.com/thumbnail?id=1y_j_XbUggWCTAdvVJuw2-TNopmlTuiXX&sz=w1600,https://drive.google.com/thumbnail?id=129Dj2GWpuq6icAWsgQBfdxK4uCD3Hioh&sz=w1600,https://drive.google.com/thumbnail?id=1lB1QwgtoiK3XFWDcz0V7lcidf6rhaRHo&sz=w1600",iINTELLIGENCEi,grocery-organic
PROD-IINTELLIGENCEI-059774,"iINTELLIGENCEi Men's Cotton Polo T-Shirt with Pocket, XL, Half Sleeve Polo Neck Collar Tee, Regular Fit Breathable Solid Casual Office Daily Wear Premium T-Shirt, White Black Mustard Yellow","Elevate your everyday wardrobe with the iINTELLIGENCEi Men's Cotton Polo T-Shirt, a premium half sleeve polo neck tee crafted for the discerning modern gentleman who values comfort, style and enduring quality. Tailored in a flattering regular fit, this collared polo shirt drapes elegantly across the shoulders and chest, delivering a refined silhouette suited to both relaxed and smart-casual occasions. Woven from soft, breathable cotton-rich fabric, this men's t-shirt keeps you cool and fresh through long Indian summers, humid afternoons and busy workdays. The gentle, moisture-friendly weave allows air to circulate naturally, making it an ideal summer wear and daily wear essential that resists cling and stays comfortable from morning meetings to weekend outings. Thoughtful design details set this pocket t-shirt apart. A neat chest pocket adds practical, everyday convenience, while the classic ribbed polo collar and two-button placket lend a timeless, polished finish. Reinforced ribbed cuffs on the short sleeves hold their shape wash after wash, ensuring your polo neck tee always looks tidy and put-together. Available in versatile solid shades of White, Black and Mustard Yellow, this fashion t-shirt pairs effortlessly with denim jeans, chinos or formal trousers. Wear it as office wear, weekend wear, casual wear or smart casual attire, and it transitions seamlessly across occasions with understated luxury. Specifications: Size XL, lightweight at just 275 g for easy all-day comfort and hassle-free travel packing. Machine washable and low-maintenance, this durable cotton polo retains its colour, softness and shape over repeated washes. Designed for men who appreciate premium men's apparel, this comfortable t-shirt is a wardrobe staple that combines breathable fabric, dependable construction and elevated everyday style for the confident, contemporary man. VERSATILE EVERYDAY WEAR: This men's cotton polo t-shirt suits office wear, weekend wear, casual and smart casual occasions, pairing effortlessly with jeans, chinos and trousers for year-round daily style. • PREMIUM COTTON FABRIC: Crafted from soft, breathable cotton-rich material, this half sleeve polo tee keeps you cool through Indian summers while offering gentle comfort and lasting shape retention wash after wash. • CLASSIC POLO DESIGN: A ribbed polo neck collar, two-button placket and handy chest pocket deliver a refined, timeless look, while ribbed short sleeve cuffs add a polished, tailored finish. • DURABLE REGULAR FIT: The regular fit construction with reinforced stitching resists fading and stretching, ensuring this solid polo shirt stays comfortable, colourfast and smart through repeated daily wear. • LIGHTWEIGHT SIZE XL: Tailored in size XL and weighing just 275 g, this comfortable men's t-shirt feels light all day and packs easily for travel, holidays and weekend getaways.",in stock,new,1499.00 INR,999.00 INR,https://www.indiabusinessinternational.online/p/men-s-cotton-polo-t-shirt-with-pocket-xl-half-sleeve-polo-neck-collar-tee/,https://drive.google.com/thumbnail?id=1FaB2WNV8s0vjDo8Z9EojmsrXV4nr1LT9&sz=w1600,"https://drive.google.com/thumbnail?id=1aABhrGTbxYM971x5RY9rKlwFTQbQfmgB&sz=w1600,https://drive.google.com/thumbnail?id=1pRZWdSK6IJMIhJVqbzpLWMqXZn3h8zrL&sz=w1600,https://drive.google.com/thumbnail?id=1j3x0e2lJ7gQNorbze8rOGX6BAWLy0rix&sz=w1600,https://drive.google.com/thumbnail?id=1YtZkyXdYBuOMo8BxV8iOSvx9sulbSQSW&sz=w1600,https://drive.google.com/thumbnail?id=1jQBTfz9lh4TTNiF_csmzyJe-zlfCO2Is&sz=w1600,https://drive.google.com/thumbnail?id=1Ezn2oSyDIqTvbiccJm0prhWIZ6m-D2Xd&sz=w1600,https://drive.google.com/thumbnail?id=1cZkj0Xe8ZwUoBfKPyAFC82XEMcOJG4ae&sz=w1600,https://drive.google.com/thumbnail?id=1y5ZYIJODHVmH0vNCE8yTy6ESwkScKom2&sz=w1600",iINTELLIGENCEi,clothing-men
PROD-IINTELLIGENCEI-789252,"iINTELLIGENCEi Mars Polo T-Shirt for Men, 275 GSM Premium Cotton Blend Half Sleeve Polo Collar Tee, Regular Fit Smart Casual Daily Wear T-Shirt with Chest Pocket, White, Black, Navy Blue, M L XL","Elevate your everyday wardrobe with the iINTELLIGENCEi Mars Polo T-Shirt for Men, a premium half sleeve polo tee crafted for the modern Indian gentleman who values understated luxury and lasting comfort. Tailored in a refined regular fit, this polo collar t-shirt drapes cleanly across the shoulders and torso, offering a smart, flattering silhouette suited to work, weekends and travel. Woven from a soft, breathable 275 GSM cotton-blend fabric, this men's polo shirt delivers a plush hand-feel with excellent moisture management, making it an ideal summer wear staple for the warm Indian climate. The dense knit resists sagging and pilling, retaining its rich colour and premium texture wash after wash for long-lasting daily wear. Thoughtful design details set this fashion t-shirt apart. A structured two-button placket, ribbed polo collar and clean-finish short sleeves lend a polished, tailored appearance, while the neat chest pocket adds classic utility and a touch of vintage charm. Whether paired with denim jeans, chinos or shorts, this smart casual t-shirt transitions effortlessly from office to outing. Available in three timeless shades, White, Black and Navy Blue, and offered in sizes M, L and XL, this regular fit polo caters to a wide range of body types. Each t-shirt weighs a comfortable 275 g, striking the perfect balance between substantial premium feel and easy, all-day breathability. Care is effortless: machine wash cold with similar colours, avoid bleach, tumble dry low and warm iron on reverse to preserve the fabric finish. Simple maintenance keeps this comfortable t-shirt looking sharp season after season. Designed for men who appreciate refined casual dressing, the Mars Polo Tee makes a versatile addition to any wardrobe, ideal for gifting, layering and building a dependable capsule collection of premium daily wear essentials. VERSATILE SMART CASUAL: This men's polo t-shirt pairs effortlessly with jeans, chinos and shorts for office, weekend, travel and summer wear, delivering polished daily style with easy comfort. • PREMIUM COTTON BLEND: Crafted from breathable 275 GSM cotton-blend fabric, this polo tee offers a soft hand-feel, moisture control and pill-resistant durability for lasting comfort in warm Indian weather. • TAILORED POLO DESIGN: A ribbed polo collar, two-button placket, neat chest pocket and clean short sleeves create a refined regular fit silhouette that flatters the shoulders and torso. • LONG-LASTING QUALITY: The dense knit construction resists sagging, fading and pilling, retaining rich colour and premium texture through repeated machine washes for dependable everyday use. • AVAILABLE SIZES SHADES: Offered in White, Black and Navy Blue across sizes M, L and XL, each lightweight 275 g polo balances premium substance with all-day breathable comfort.",in stock,new,1166.00 INR,777.00 INR,https://www.indiabusinessinternational.online/p/mars-polo-t-shirt-for-men-275-gsm-premium-cotton-blend-half-sleeve-polo-collar/,https://drive.google.com/thumbnail?id=1YQpLw9LPP5CyvC_2G_uo_yChXcTukaZV&sz=w1600,"https://drive.google.com/thumbnail?id=1HQ8XZOXHJSKOepR3qxliFAye3XI0-fiP&sz=w1600,https://drive.google.com/thumbnail?id=1n4Ho6F_uWYuKDUJSr3FSwQMWei962Y47&sz=w1600,https://drive.google.com/thumbnail?id=1Um-4gInf7qEBeBcPszNRSb9WCZvEsI5-&sz=w1600,https://drive.google.com/thumbnail?id=1RNyA6eb0U3dwhyfxbC0L2ls8fSk8za32&sz=w1600,https://drive.google.com/thumbnail?id=1xdO4N-nc7TGXbGBqTtvi4LS7hwwaqB2x&sz=w1600,https://drive.google.com/thumbnail?id=17zbZ_5adW0c9kMffTcrwQV68J0sB0YF3&sz=w1600,https://drive.google.com/thumbnail?id=16IukjlbJjNCmDXzXq76eAqJaUnmX2OQY&sz=w1600,https://drive.google.com/thumbnail?id=1SEwkYpGZrWlSkZhSUcETbMB_xYu_63PB&sz=w1600",iINTELLIGENCEi,clothing-men
PROD-IINTELLIGENCEI-171502,"iINTELLIGENCEi Aluminium Achu Murukku Mould 37x8x5 cm, Achappam Maker with 7 Flower Cavities, Rose Cookie Rosette Iron, Long Heat Resistant Handle, Traditional South Indian Snack Making Tool","Elevate your festive kitchen with the iINTELLIGENCEi Aluminium Achu Murukku Mould, a premium traditional snack maker crafted for authentic South Indian delicacies. This elegant Achappam maker features seven beautifully arranged flower-shaped cavities that press out perfectly crisp, golden rose cookies with every dip into hot oil, making it an essential companion for Diwali, Christmas and every joyous celebration. Expertly engineered from food-grade aluminium, this Rose Cookie mould is lightweight, durable and corrosion-resistant, ensuring long-lasting performance batch after batch. The naturally non-toxic aluminium construction supports healthy home cooking, while the smooth polished surface promotes even heat transfer for consistently crisp, evenly fried achu murukkus and rosette cookies. The extended heat-resistant handle is the hallmark of this Rosette Cookie Iron, staying comfortably cool so you maintain a safe, confident grip while immersing the mould into bubbling oil. Its balanced design allows effortless dipping, holding and lifting, giving both novice cooks and seasoned home chefs complete control over the deep-frying process. Measuring a generous 37 x 8 x 5 cm and weighing only 112 g, this Achappam mould offers a practical size for stovetop and induction frying while remaining feather-light to manoeuvre. The reusable design cleans easily, rinses in moments and stores neatly in any kitchen drawer or cabinet between festivals. Perfect for anyone who cherishes homemade Kerala achappam, achu murukku and traditional rosette snacks, this premium mould brings heritage recipes back to life. Whether preparing sweet or savoury batter, this dependable Indian cooking accessory delivers bakery-style results, making it a thoughtful gift for food lovers and a treasured tool in every South Indian household kitchen. VERSATILE FESTIVE SNACKS: Crafts authentic achu murukku, achappam and rose cookies for Diwali, Christmas and daily treats, letting you fry crisp rosette snacks with sweet or savoury batter at home with ease. • FOOD GRADE ALUMINIUM: Made from lightweight, non-toxic and corrosion-resistant aluminium that promotes even heat transfer, delivering consistently golden, crunchy results while supporting healthy home cooking. • COOL GRIP HANDLE: The long heat-resistant handle stays comfortably cool during frying, giving a safe, balanced grip so you can dip, hold and lift the mould into hot oil with confident control. • DURABLE REUSABLE DESIGN: Seven sturdy flower-shaped cavities resist warping and rust, offering long-lasting daily performance and effortless cleaning for reliable use across countless festive seasons. • PRACTICAL SIZE AND WEIGHT: Measuring 37 x 8 x 5 cm and weighing just 112 g, this feather-light mould manoeuvres easily on stovetop or induction and stores neatly in any kitchen drawer.",in stock,new,749.00 INR,299.00 INR,https://www.indiabusinessinternational.online/p/aluminium-achu-murukku-mould-37x8x5-cm-achappam-maker-with-7-flower-cavities/,https://drive.google.com/thumbnail?id=1XP1OlZoXu248_JR-33ud1hgaLXxkG75S&sz=w1600,"https://drive.google.com/thumbnail?id=13E-hRzqYhL8W6ISi4gW3ijV3fyUsEkwR&sz=w1600,https://drive.google.com/thumbnail?id=15ZDsTLFALlYIgmsYcDcFwGIyggbw0g0u&sz=w1600,https://drive.google.com/thumbnail?id=18E7-g7IsQL-udOnv34EPeFrEPzoyJDIs&sz=w1600,https://drive.google.com/thumbnail?id=1kr96PNhxBK9ZzOd-E6yetLYqqKGZFMRW&sz=w1600,https://drive.google.com/thumbnail?id=1dZvAkypPERLdm6-k4jifsUwnocoJEIRT&sz=w1600,https://drive.google.com/thumbnail?id=1S4D-jB0EZPsdAU6qAeNy8QZm_0PbvKg9&sz=w1600,https://drive.google.com/thumbnail?id=17u2vNUxAermY6E7c8YyDHSvRbiPGhBgy&sz=w1600,https://drive.google.com/thumbnail?id=1tCnUL6KcFLGrufsSwCUs-dvBLs2yNjbt&sz=w1600",iINTELLIGENCEi,home
PROD-IINTELLIGENCEI-958337,"iINTELLIGENCEi Aluminium Tea Mug 800 ml, BIS Certified Coffee Cup with Curved Handle, 17x10.5x17 cm Lightweight Metal Milk Mug for Home Kitchen Office Cafe, Brushed Silver Finish Drinkware","Elevate your everyday drinking ritual with the iINTELLIGENCEi Aluminium Tea Mug, a premium 800 ml metal cup engineered for those who appreciate refined craftsmanship and dependable performance. Finished in a sophisticated brushed silver tone, this coffee mug brings a sleek, contemporary elegance to any home kitchen, office desk, hotel, restaurant or bustling cafe counter. Crafted from food-grade aluminium and BIS certified for quality assurance, this tea cup delivers outstanding durability while remaining remarkably lightweight at just 175 gm. The generous 800 ml capacity is perfect for large servings of tea, coffee, milk, hot chocolate, buttermilk, lassi or cold beverages, making it a versatile addition to your drinkware collection. The standout curved band handle offers a comfortable, secure grip that keeps your fingers away from heat, ensuring effortless sipping. Precision-riveted for lasting strength, the ergonomic handle combines form and function beautifully, delivering a confident hold whether you are enjoying a quiet morning brew or serving guests during festive gatherings. Measuring a spacious 17 x 10.5 x 17 cm, this metal mug features a smooth polished interior that resists staining and is easy to rinse clean. The tapered conical body sits stably on tables, trays and countertops, while the seamless construction resists rust, dents and corrosion for years of reliable use. Ideal for daily household use, camping, travel, picnics, outdoor trips and commercial hospitality settings, this aluminium mug pairs practicality with premium aesthetics. Handwash with mild soap and dry to preserve the lustrous finish. Whether gifting to loved ones or upgrading your own tableware, this luxurious tea and coffee mug is a timeless, functional choice for discerning Indian homes and professional kitchens alike. VERSATILE DAILY DRINKWARE: Perfect for tea, coffee, milk, buttermilk, lassi and hot chocolate, this 800 ml aluminium mug suits home kitchens, offices, cafes, camping and travel with generous everyday capacity. • PREMIUM ALUMINIUM BUILD: Crafted from food-grade BIS certified aluminium with a brushed silver finish, this metal cup resists rust, dents and corrosion for dependable, long-lasting performance. • ERGONOMIC CURVED HANDLE: The riveted curved band handle delivers a secure, comfortable grip that keeps fingers away from heat, ensuring effortless sipping and confident serving every time. • DURABLE SEAMLESS CONSTRUCTION: Sturdy one-piece body with a smooth polished interior stays easy to clean, resists staining and withstands regular household and commercial hospitality use. • SPACIOUS LIGHTWEIGHT SIZE: Measuring 17 x 10.5 x 17 cm and weighing just 175 gm, this tapered mug sits stably on tables and trays while remaining light to carry and easy to store.",in stock,new,1124.00 INR,449.00 INR,https://www.indiabusinessinternational.online/p/aluminium-tea-mug-800-ml-bis-certified-coffee-cup-with-curved-handle-17x10-5x17/,https://drive.google.com/thumbnail?id=1plXHbhw5pDHZYQYJzArDdYmZkFsIbQy2&sz=w1600,"https://drive.google.com/thumbnail?id=1ETTGeJ9xZHx4BvolGAytBYCpqNz2t1JN&sz=w1600,https://drive.google.com/thumbnail?id=1jzfAc8wRd99Y-CDsMaewQTY81l5ScbDB&sz=w1600,https://drive.google.com/thumbnail?id=1XCSpJucjXO0GbvmXewnhvgEINNnvlYMx&sz=w1600,https://drive.google.com/thumbnail?id=1wtjUE2z8x3EKJLNy-CMBBXP_Ep-EMbvh&sz=w1600,https://drive.google.com/thumbnail?id=14iLXx_6zJHti8t5u3PH30uJglWr69GBd&sz=w1600,https://drive.google.com/thumbnail?id=1Y2HDBmN1-6VpKTQGhCvjAny24u7Qwlzl&sz=w1600,https://drive.google.com/thumbnail?id=1OsYFLcsoNCOIi0TsFzjQ6ffxEwGsLFCR&sz=w1600,https://drive.google.com/thumbnail?id=1G9zbrsZm5jXoqW3QkNFgvfI_pVJf8YcO&sz=w1600",iINTELLIGENCEi,home-cookware
PROD-IINTELLIGENCEI-754957,"iINTELLIGENCEi Aluminium Food Strainer Colander, BIS Certified, 29.5 x 29.5 x 8 cm, 200 g, Perforated Rice Wheat Flour Sieve Chalni for Kitchen Washing Draining Straining Vegetables Pasta","Elevate your everyday cooking rituals with the iINTELLIGENCEi Aluminium Food Strainer, a premium kitchen essential thoughtfully engineered for the discerning Indian home. Crafted from food-grade aluminium and finished with a lustrous, hygienic sheen, this colander marries timeless utility with understated luxury, making it a proud addition to any modern or traditional kitchen. Designed as a versatile multipurpose strainer, this chalni effortlessly handles rice washing, wheat and atta flour sifting, dal rinsing, vegetable cleaning, pasta and noodle draining, and quick straining of boiled potatoes or greens. The finely perforated base allows water to flow away swiftly while retaining every precious grain, so your ingredients stay clean, fresh and ready for cooking. Built to BIS certified standards, the sturdy aluminium body resists warping and delivers dependable performance meal after meal. The gently curved, deep-walled profile offers ample capacity, while the smooth rolled rim ensures a comfortable, secure grip during rinsing and draining. Rust-resistant and remarkably lightweight, it manoeuvres easily between sink, stove and countertop. Precisely measuring 29.5 x 29.5 x 8 cm and weighing a feather-light 200 g, this strainer offers a generous surface without cluttering your workspace. Its slim, stackable form nests neatly inside larger bowls and utensils, saving valuable cabinet space in compact urban kitchens. Maintenance is wonderfully simple: rinse under running water, wipe clean, and air dry to preserve the radiant finish for years. The polished aluminium surface resists staining and odours, keeping your colander looking pristine. Whether you are a passionate home chef, a busy homemaker or setting up a new kitchen, this aluminium food strainer colander is an indispensable companion for daily draining, sieving and washing tasks, blending refined craftsmanship with practical everyday reliability. VERSATILE KITCHEN USE: Perfect for washing rice, sifting atta flour, rinsing dal, cleaning vegetables and draining pasta or noodles, this multipurpose strainer handles countless daily cooking tasks with ease. • FOOD GRADE ALUMINIUM: Crafted from premium BIS certified aluminium with a hygienic, rust-resistant finish, this colander delivers lasting strength and safe, dependable performance for everyday Indian kitchen use. • FINE PERFORATED DESIGN: The evenly perforated base drains water quickly while retaining grains, and the smooth rolled rim offers a secure, comfortable grip during rinsing and straining. • STURDY DURABLE BUILD: Warp-resistant construction and a deep, curved body ensure this chalni withstands frequent daily use, resisting dents and corrosion for years of reliable service. • LIGHTWEIGHT COMPACT SIZE: Measuring 29.5 x 29.5 x 8 cm and weighing just 200 g, this slim strainer stacks neatly inside bowls and stores easily, saving space in compact kitchens.",in stock,new,1050.00 INR,499.00 INR,https://www.indiabusinessinternational.online/p/aluminium-food-strainer-colander-bis-certified-29-5-x-29-5-x-8-cm-200-g/,https://drive.google.com/thumbnail?id=1RiczdBzt-sybso4-ZkqZo_zdPZRX3Mj2&sz=w1600,"https://drive.google.com/thumbnail?id=1snU-E6aRxSbOpRs2a2fM7xwrBBdnaBXz&sz=w1600,https://drive.google.com/thumbnail?id=1B8xMFztYSoGHd_-ZWXlWw71yDU-qPi_L&sz=w1600,https://drive.google.com/thumbnail?id=1OvlWWB7Y_uJqpfLhYoSxx8jGR7nYS7su&sz=w1600,https://drive.google.com/thumbnail?id=1szIRm2uqjibLxbYlNAX6CYcvf6OUF_T3&sz=w1600,https://drive.google.com/thumbnail?id=1O4D9jqi8WYGU6CPPVdwLNRAGVUygE1oA&sz=w1600,https://drive.google.com/thumbnail?id=1p6RnMWCws_TQnhcdx52mnhTZG-Lpuad6&sz=w1600,https://drive.google.com/thumbnail?id=11MDTqIZ6J0DuxE2fR6Frd0osDZGskVOB&sz=w1600,https://drive.google.com/thumbnail?id=1pjn6DSSI_esHxjjzaNkzouOUWI1fVnG_&sz=w1600",iINTELLIGENCEi,home-cookware
PROD-IINTELLIGENCEI-647452,"iINTELLIGENCEi Aluminium Square Cake Baking Tray 26x26x5 cm, 3 Litre, BIS Certified Deep Mould Tin for Oven, Bread, Brownie, Cake Bakeware, Premium Silver Kitchen Baking Pan","Elevate your home baking with the iINTELLIGENCEi Aluminium Square Cake Baking Tray, a luxuriously crafted bakeware essential designed for discerning bakers who value precision, durability and professional results. This premium square baking tin measures a generous 26 × 26 × 5 cm and offers a spacious 3 litre capacity, making it perfect for tall cakes, brownies, bread loaves, lasagne, casseroles and celebratory sponge layers. Manufactured from high-grade food-safe aluminium, this deep baking mould delivers superior, even heat distribution across the base and sides, ensuring your cakes rise uniformly with a golden, evenly baked finish every single time. The naturally rust-resistant aluminium construction heats quickly, cools fast and resists warping, giving you reliable performance bake after bake in Indian kitchens. Each tray weighs a well-balanced 518 grams, striking the ideal harmony between sturdy build and easy handling. The smooth interior walls and rounded corners release baked goods cleanly and make washing effortless. The tall 5 cm walls provide ample depth for thick brownies, deep dish cakes, dhokla, kalakand, barfi and countless traditional and continental recipes. Proudly BIS certified, this square cake pan meets stringent quality and safety standards, offering complete peace of mind for everyday use. The refined silver finish adds a sleek, premium touch to your bakeware collection while remaining practical and long-lasting for daily baking demands. Supplied as a convenient set of two matching trays, this bakeware duo is ideal for layered cakes, batch baking and entertaining. Whether you are a home baker, hobbyist or professional pastry enthusiast, these aluminium square baking trays are the perfect companion for birthdays, festivals and everyday treats. Care is simple: hand wash with mild detergent, dry thoroughly and store neatly. Gift-worthy and built to last, this is bakeware crafted for a lifetime of joyful baking. VERSATILE BAKING USE: Ideal for cakes, brownies, bread, lasagne, casseroles, dhokla and barfi, this deep square tray suits birthdays, festivals and everyday baking in home and professional kitchens. • PREMIUM ALUMINIUM BUILD: Crafted from high-grade food-safe aluminium, this bakeware ensures rapid, even heat distribution for uniformly golden bakes with excellent natural rust resistance and lasting performance. • SMOOTH RELEASE DESIGN: Rounded corners and smooth interior walls allow clean, effortless release of cakes and easy washing, while the sleek silver finish adds a premium touch to your collection. • DURABLE BIS CERTIFIED: Built to strict BIS quality standards, this warp-resistant square baking tin withstands repeated high-heat oven use, delivering dependable, long-lasting results bake after bake. • EXACT DEEP DIMENSIONS: Measuring 26 x 26 x 5 cm with a 3 litre capacity and weighing 518 g per tray, this balanced set of two offers ample depth for tall cakes and thick brownies.",in stock,new,2399.00 INR,899.00 INR,https://www.indiabusinessinternational.online/p/aluminium-square-cake-baking-tray-26x26x5-cm-3-litre-bis-certified-deep-mould/,https://drive.google.com/thumbnail?id=1NZlWXhbLV-XugruH14n3ySl1M8121cnZ&sz=w1600,"https://drive.google.com/thumbnail?id=15XDC6wUm9Ipr0P7HevPCSjYGIyneaIGG&sz=w1600,https://drive.google.com/thumbnail?id=1wM24cERKCjDPnqcOqLMRpqGhGdEmBExE&sz=w1600,https://drive.google.com/thumbnail?id=1gt71Wi5GT0Ngsy9CHaZj3Gu16bwD3lmU&sz=w1600,https://drive.google.com/thumbnail?id=1_-X6upc1gVb5A4fSWYVaoPxFFRigA-Ug&sz=w1600,https://drive.google.com/thumbnail?id=1CzHGIHvZjlNkMQGOlBoXkyT9ypTlugT-&sz=w1600,https://drive.google.com/thumbnail?id=1VFfYBepmqISgSbvgBRUzmr9fq9rBPWUO&sz=w1600,https://drive.google.com/thumbnail?id=1KECGgWyLjIUf1ATqTP6wtMCbBYB8UzO2&sz=w1600,https://drive.google.com/thumbnail?id=1E_KYrtgcM2XhNA1_d7mehmvsPdtiB9eH&sz=w1600",iINTELLIGENCEi,home-cookware
PROD-IINTELLIGENCEI-077823,"iINTELLIGENCEi Aluminium Rectangular Tray, BIS Certified Food Grade, 31x21x5 cm, 2 Litre, 713 g, Heavy Duty Serving Baking Storage Tray for Kitchen, Restaurant, Catering, Rust Resistant Multipurpose","Elevate every meal, celebration and bake with the iINTELLIGENCEi Aluminium Rectangular Tray, a premium food grade essential crafted for discerning homes, restaurants and catering professionals across India. Engineered from heavy duty BIS certified aluminium, this multipurpose serving tray blends refined elegance with everyday practicality, making it a worthy addition to any modern kitchen collection. Measuring a generous 31 x 21 x 5 cm with a spacious 2 litre capacity and weighing a balanced 713 g, this rectangular aluminium tray offers the ideal proportions for plating canapes, hors d'oeuvres, sweets, snacks and full-course meals. The considered dimensions make it perfect for serving guests, presenting desserts or organising kitchen essentials with luxurious poise. Beyond serving, this versatile aluminium baking tray excels in the oven, delivering even heat distribution for cookies, brownies, barfi, cakes and roasted delicacies. The rust resistant, food grade surface keeps flavours pure while the sturdy raised walls contain batter, gravies and juices without spills, ideal for both home bakers and busy commercial kitchens. The smooth, polished aluminium finish resists corrosion, stains and warping, ensuring lasting shine wash after wash. Lightweight yet durable, this heavy duty kitchen tray is easy to carry, stack and store, while its clean rectangular geometry stacks neatly in cupboards, buffets and pantry shelves. Care is effortless, simply hand wash with mild detergent and a soft cloth, then dry to preserve the lustrous surface. Suited to hotels, weddings, banquets, tea stalls, bakeries and daily household use, this commercial grade aluminium serving tray is a dependable companion. Whether plating for a grand celebration or baking a weekend treat, this rust resistant multipurpose aluminium utility tray delivers premium quality, timeless design and reliable performance that families and professionals can trust for years. VERSATILE MULTIPURPOSE USE: Ideal for serving snacks, plating desserts, baking cookies and organising kitchen essentials, this rectangular aluminium tray suits homes, hotels, restaurants and catering events. • FOOD GRADE ALUMINIUM: Crafted from BIS certified heavy duty aluminium, this food grade tray resists rust, stains and warping while keeping flavours pure for safe serving and baking. • ELEGANT PREMIUM DESIGN: The polished silver finish and clean rectangular shape deliver a luxurious presentation on buffets, while raised walls neatly contain juices, batter and sauces. • DURABLE LONG LASTING BUILD: Corrosion resistant construction with sturdy edges withstands daily commercial and household use, retaining its lustrous shine wash after wash for years. • IDEAL SIZE AND WEIGHT: Measuring 31 x 21 x 5 cm with a 2 litre capacity and weighing just 713 g, this lightweight tray stacks and stores easily in cupboards, pantries and buffet counters.",in stock,new,2399.00 INR,1199.00 INR,https://www.indiabusinessinternational.online/p/aluminium-rectangular-tray-bis-certified-food-grade-31x21x5-cm-2-litre-713-g/,https://drive.google.com/thumbnail?id=1jZScarUeAAX7Zjsb5LJO6M2SmKXdRoRk&sz=w1600,"https://drive.google.com/thumbnail?id=1p-aex6w38SQRYfoXMsVNaKGfAKfYgeA7&sz=w1600,https://drive.google.com/thumbnail?id=1xon-mN3Q8oJMAix9sg7prOi3xNap0PVh&sz=w1600,https://drive.google.com/thumbnail?id=1aTjF7cfXHQHlnDsBEu5hLiiDcZ64I8CB&sz=w1600,https://drive.google.com/thumbnail?id=1_LDsNoS73CX-bhvXwGtdA978C6z9Kpo3&sz=w1600,https://drive.google.com/thumbnail?id=1sOh3AIq5rQzVXo1d3PofBbf-RLwn5Wcd&sz=w1600,https://drive.google.com/thumbnail?id=1s_3D6gE2dfDfxYxIP4KrAjE3TuwK-T4N&sz=w1600,https://drive.google.com/thumbnail?id=1pqa39F59K11fTEabEkloNX0WqSOYPstl&sz=w1600,https://drive.google.com/thumbnail?id=1kiPVzZXqvfFNFy3gSMIvXsZYD05MNkcv&sz=w1600",iINTELLIGENCEi,home-cookware
PROD-IINTELLIGENCEI-677893,"iINTELLIGENCEi Aluminium Flat Tray 43.5 x 33.5 x 7.5 cm, Premium Rectangular Serving Tray, Deep Kitchen Baking Food Tray, Silver Metal Utility Dining Plate for Restaurant Catering Home Use","Elevate your dining and kitchen experience with the iINTELLIGENCEi Aluminium Flat Tray, a premium rectangular serving tray crafted for households, restaurants and catering professionals who value elegance and enduring quality. Its lustrous silver finish and clean lines bring a refined, luxurious presence to every table, buffet and countertop. Expertly moulded from food-grade aluminium, this deep flat tray offers superb heat conductivity, making it perfect for baking cakes, roasting vegetables, serving biryani, arranging snacks, presenting sweets and organising kitchen essentials. The generous rectangular shape holds ample portions while remaining easy to carry, stack and store in any modern or traditional Indian kitchen. Measuring a spacious 43.5 x 33.5 x 7.5 cm and weighing just 499 g, this lightweight yet sturdy metal tray balances effortless handling with reliable strength. The raised, rounded rim ensures a secure grip and helps contain liquids, gravies and batter, preventing spills during serving, baking and transportation. Smooth, seamless surfaces make this utility tray remarkably easy to clean, resisting stubborn stains and odours after every use. Simply wash with warm water and mild detergent, then wipe dry to preserve its polished shine. The durable construction withstands daily use across busy commercial kitchens, catering events and family gatherings. Versatile enough to double as a serving plate, food tray, dining tray or storage organiser, this rectangular silver tray is an indispensable home essential and kitchen accessory. Whether plating a festive feast, presenting appetisers at a party or baking your favourite dessert, it delivers dependable performance with premium style. Ideal for homes, hotels, dhabas, bakeries, sweet shops and event caterers alike, the iINTELLIGENCEi Aluminium Flat Tray is a smart, long-lasting investment that combines practicality with understated luxury for everyday cooking, serving and hosting needs. VERSATILE SERVING TRAY: Perfect for baking, roasting, serving biryani, snacks and sweets, this rectangular flat tray suits homes, restaurants, bakeries and catering events with effortless everyday use. • PREMIUM ALUMINIUM BUILD: Crafted from food-grade aluminium with a lustrous silver finish, this metal tray offers excellent heat conductivity, rust resistance and lasting durability for demanding daily kitchen tasks. • ELEGANT DEEP DESIGN: The raised, rounded rim delivers a secure grip and contains gravies, batter and liquids, while the polished surface adds a luxurious, premium touch to any dining table or buffet. • STURDY EASY CLEANING: Seamless smooth surfaces resist stains and odours and wash clean in seconds, ensuring reliable long-term performance across busy commercial kitchens and family gatherings. • SPACIOUS LIGHT SIZE: Measuring a generous 43.5 x 33.5 x 7.5 cm and weighing only 499 g, this deep tray holds ample portions while staying light to carry, stack and store neatly.",in stock,new,2399.00 INR,799.00 INR,https://www.indiabusinessinternational.online/p/aluminium-flat-tray-43-5-x-33-5-x-7-5-cm-premium-rectangular-serving-tray-deep/,https://drive.google.com/thumbnail?id=1PiRyU1AFPMTVFpGk1SZ4CFMtHk7CeTeT&sz=w1600,"https://drive.google.com/thumbnail?id=1lOeFaSXEr1_oPxidPQOvDg4_Cj1phMaP&sz=w1600,https://drive.google.com/thumbnail?id=1XvWBiqDL_E78e_V2thSz2Wg5fJUeJvRd&sz=w1600,https://drive.google.com/thumbnail?id=1wapWE4WKcBkbch32ph6rYKvLQYEfofoi&sz=w1600,https://drive.google.com/thumbnail?id=1LiTZqunY-sqQkYqlQs3vEMwZVQ2X030w&sz=w1600,https://drive.google.com/thumbnail?id=1C2FYWjX62SR0SZPTBg-CfXNAk8LenYsp&sz=w1600,https://drive.google.com/thumbnail?id=1Siv7RXa5JMtptg7SFJjEfW6yya8RTMyg&sz=w1600,https://drive.google.com/thumbnail?id=1wjS5Ku8izytym_XSVLU2dTJrq7Q4YKVc&sz=w1600,https://drive.google.com/thumbnail?id=1feVrawB4p8kX6snx7rM0-Chg0Ngyq84o&sz=w1600",iINTELLIGENCEi,home
PROD-IINTELLIGENCEI-547211,"iINTELLIGENCEi Aluminium Non-Stick Dosa Tawa 44 cm, BIS Certified Flat Roti Chapati Uttapam Pancake Tawa, Induction & Gas Stove Compatible Non Stick Cookware for South Indian Home Cooking, 540 g","Elevate your everyday cooking with the iINTELLIGENCEi Aluminium Non-Stick Dosa Tawa, a premium flat tawa crafted for the discerning Indian kitchen. Engineered to deliver perfectly crisp, golden dosas, this heavy duty non stick dosa tawa spreads batter evenly and releases every crepe effortlessly, making it the ideal companion for authentic South Indian breakfasts. Constructed from high grade aluminium, this durable aluminium tawa ensures rapid, uniform heat distribution across the entire cooking surface, eliminating hot spots and helping you achieve restaurant style dosas, uttapam, chapati, roti and pancakes at home. The advanced non stick coating requires minimal oil, promoting healthier cooking while making the tawa remarkably easy to clean after every use. Versatility defines this multipurpose kitchen tawa. Whether you are preparing paper thin dosas, fluffy uttapam, soft chapatis, thin pancakes or savoury cheela, this flat tawa handles them all with graceful ease. Its wide round cooking area gives you ample space to spread batter freely, while the comfortable, heat resistant handle offers a secure, ergonomic grip during flipping and serving. Compatible with both gas stoves and induction cooktops, this induction dosa tawa adapts seamlessly to modern and traditional kitchens alike. The BIS certified build reflects our commitment to quality, safety and long lasting performance, giving you cookware you can trust for years of daily use. Measuring a generous 44 x 26.5 x 5 cm and weighing a light 552 g, this aluminium cookware is easy to lift, manoeuvre and store, yet substantial enough for heavy duty daily cooking. To preserve the non stick surface, hand wash gently with a soft sponge and avoid metal utensils. Perfect for home cooks, families and cooking enthusiasts who appreciate premium quality, this South Indian dosa tawa brings professional results and effortless elegance to your kitchen. VERSATILE COOKING TAWA: Ideal for crisp dosas, soft uttapam, chapati, roti, thin pancakes and cheela, this flat non stick tawa handles diverse South Indian and everyday recipes with effortless ease. • PREMIUM ALUMINIUM BUILD: Crafted from high grade aluminium, this durable tawa ensures fast, uniform heat distribution across the surface, eliminating hot spots for evenly cooked, golden dosas every time. • EASY CLEAN NON STICK: The advanced non stick coating needs minimal oil for healthier cooking and releases food smoothly, making this kitchen tawa quick and effortless to wipe clean after use. • HEAVY DUTY DURABLE DESIGN: BIS certified construction with a heat resistant ergonomic handle delivers a secure grip and long lasting performance, built to withstand demanding daily Indian cooking. • IDEAL SIZE AND WEIGHT: Measuring 44 x 26.5 x 4 cm and weighing just 540 g, this lightweight aluminium tawa is easy to lift, manoeuvre and store while offering ample spreading space.",in stock,new,1499.00 INR,999.00 INR,https://www.indiabusinessinternational.online/p/aluminium-non-stick-dosa-tawa-44-cm-bis-certified-flat-roti-chapati-uttapam/,https://drive.google.com/thumbnail?id=1CAfGonF_xrFXJ7WYTnWoURzB9QFyFwiT&sz=w1600,"https://drive.google.com/thumbnail?id=1xJJR7cPSl0FX8fIZhrg-fqwn_e5z5vom&sz=w1600,https://drive.google.com/thumbnail?id=1YdcV3eBnGr29mj6PTx9si6FbZIcF3N3-&sz=w1600,https://drive.google.com/thumbnail?id=1wKqcIH46udMp7pSt-FqpGSEmKAicbdFg&sz=w1600,https://drive.google.com/thumbnail?id=1V8_cdhMp2GACyK6Fl27tRPjtUvP9zNKV&sz=w1600,https://drive.google.com/thumbnail?id=1OEiThFstdwbPsC9GVz2lVA5L4znrj5nw&sz=w1600,https://drive.google.com/thumbnail?id=1VzI1L4ujvYhtpqkZECIVORwrzs6imgq7&sz=w1600,https://drive.google.com/thumbnail?id=1SOZ8ZWTEjsXLU-xSav18snB6UhWCsSRi&sz=w1600,https://drive.google.com/thumbnail?id=1AX7-zygELlFruHa6TrbMu7uVyRoZBDfY&sz=w1600",iINTELLIGENCEi,home
PROD-IINTELLIGENCEI-509802,"iINTELLIGENCEi Aluminium Rice Pot with Lid, BIS Certified, 18 No Size, 24x24x18.5 cm, 5.6 Litre, 630 g, Silver Cooking Handi Vessel Cookware for Rice, Biryani, Curry, Stock, Home Kitchen, 1 Qty","Elevate everyday cooking with the iINTELLIGENCEi Aluminium Rice Pot with Lid, a premium BIS certified vessel crafted for the discerning Indian kitchen. This 18 No size handi blends traditional pot-belly styling with modern durability, giving your countertop and stovetop a refined, silvery gleam that feels genuinely luxurious. Engineered from high-grade aluminium, this cooking pot heats quickly and spreads warmth evenly across the base, so rice cooks fluffy, biryani stays layered and curries simmer gently without hot spots. The generous 5.6 litre capacity is ideal for family meals, festive gatherings and batch cooking, comfortably preparing rice, pulao, dal, sambar, stock, soups and slow-simmered gravies. The snug-fitting aluminium lid locks in steam, aroma and nutrients, helping food stay moist and tender while trapping heat for faster, fuel-efficient cooking. Its smooth interior releases grains cleanly, and the rounded handi shape makes stirring, serving and cleaning effortless. Measuring 24 × 24 × 18.5 cm and weighing just 630 g, this lightweight aluminium vessel is easy to lift, manoeuvre and store, yet sturdy enough for daily use over gas stoves. The balanced form sits securely on burners and traditional chulhas alike. Built to last, this metal cooking pot resists warping and delivers dependable performance meal after meal. Simply hand wash with a mild dishwash liquid and a soft sponge, dry thoroughly and store to preserve its lustrous silver finish for years. Perfect for homemakers, hostel kitchens, tiffin services, caterers and anyone who loves authentic slow-cooked flavour, this aluminium rice cooker pot with lid is a versatile, timeless addition to your cookware collection. Bring home the iINTELLIGENCEi handi and enjoy premium cooking every single day. VERSATILE COOKING POT: Ideal for cooking rice, biryani, pulao, dal, sambar, curry, stock and soups, this multipurpose aluminium handi suits daily family meals, festivals and batch cooking with ease. • PREMIUM ALUMINIUM BUILD: Crafted from high-grade BIS certified aluminium, this rice pot heats fast and spreads warmth evenly for fluffy grains and gently simmered gravies without hot spots. • STEAM LOCKING LID DESIGN: The snug aluminium lid traps steam, aroma and nutrients while the rounded handi shape and smooth interior make stirring, serving and cleaning wonderfully effortless. • DURABLE DAILY COOKWARE: Sturdy warp-resistant construction delivers reliable stovetop performance meal after meal, giving you a long-lasting silver cooking vessel for gas stoves and chulhas. • GENEROUS 5.6 LITRE SIZE: Measuring 24 x 24 x 18.5 cm and weighing just 630 g, this lightweight 18 No pot is easy to lift, manoeuvre and store in any home kitchen.",in stock,new,1649.00 INR,1099.00 INR,https://www.indiabusinessinternational.online/p/aluminium-rice-pot-with-lid-bis-certified-18-no-size-24x24x18-5-cm-5-6-litre/,https://drive.google.com/thumbnail?id=1fgGhAAA_ovGVF0McD7T8nmtqODdcjQWK&sz=w1600,"https://drive.google.com/thumbnail?id=13R8VEMYLiRobJavKJvIdwFhPM0eu1lLS&sz=w1600,https://drive.google.com/thumbnail?id=1Q3KYtmT62FmwHkj04TUP5fJVYcNh-7or&sz=w1600,https://drive.google.com/thumbnail?id=19hBH7JME_szY9MBvSYXQQyPYZwJc5Mak&sz=w1600,https://drive.google.com/thumbnail?id=11EnqQBTTSweQ1RrylKX0MflqB-TeUMv7&sz=w1600,https://drive.google.com/thumbnail?id=1WFkzP_xz9OXO2R8ilUyfHBrv-BN18MKW&sz=w1600,https://drive.google.com/thumbnail?id=1NiNhLsX9Ycp5PtKHyQC6e3HZ1IaWdlQe&sz=w1600,https://drive.google.com/thumbnail?id=1JAHMXFVMFcIL9V6OxVXmMwgnLrVQxsPh&sz=w1600",iINTELLIGENCEi,home
PROD-IINTELLIGENCEI-789333,"iINTELLIGENCEi Aluminium Rice Pot with Lid, 11 No Size, 1.9 Litre Handi Cooking Vessel, 16x16x14 cm, Lightweight Deep Stock Pot for Rice, Curry, Dal, Traditional Hotel Style Kitchen Cookware","Elevate your everyday cooking with the iINTELLIGENCEi Aluminium Rice Pot with Lid, a beautifully crafted 11 No size handi designed for the modern Indian kitchen. Combining timeless traditional form with premium lightweight construction, this rice cooking vessel brings hotel-style results and effortless handling to your daily meals. Spun from high-grade aluminium, this deep cooking pot heats quickly and evenly, ensuring perfectly fluffy rice, rich dal, simmering curry and wholesome stews every single time. The generous 1.9 litre capacity makes it an ideal family size rice pot, comfortably serving four to six people while remaining compact enough for smaller households and shared kitchens. The snug-fitting aluminium lid locks in steam and heat, helping food cook faster while retaining natural moisture, aroma and nutrients. Its classic rounded handi silhouette not only looks elegant on the dining table but also promotes uniform circulation for consistent, restaurant-quality cooking at home. Exceptionally lightweight yet durable, this multipurpose cooking pot weighs just 253 g and measures 16 x 16 x 14 cm, making it easy to lift, pour, serve and store. The smooth finish wipes clean effortlessly, while the sturdy build resists warping through years of daily use on gas stoves and traditional flames. Whether boiling rice, preparing sambar, cooking pulao or steaming vegetables, this versatile aluminium handi is a genuine kitchen essential. Ideal for homes, hostels, canteens and catering, it pairs traditional charm with practical performance. Care is simple: hand wash with mild soap, dry thoroughly and store in a cool dry place to preserve its lustrous finish. Perfect for those who value authentic cookware, this durable aluminium rice vessel is a smart, elegant addition to any kitchen collection. VERSATILE COOKING VESSEL: Ideal for boiling rice, simmering dal, curry, sambar and pulao, this multipurpose aluminium handi suits homes, hostels and catering for reliable everyday meal preparation. • PREMIUM ALUMINIUM BUILD: Crafted from high-grade lightweight aluminium, this deep stock pot heats quickly and evenly, delivering fluffy rice and rich gravies with authentic hotel-style consistency. • CLASSIC HANDI DESIGN: The traditional rounded silhouette with a snug aluminium lid locks in steam and aroma, promoting uniform heat circulation for tender, flavourful cooking every time. • DURABLE DAILY COOKWARE: Built to resist warping through years of regular use on gas stoves, this sturdy rice boiler pot offers dependable strength while staying easy to clean and maintain. • COMPACT FAMILY SIZE: Measuring 16 x 16 x 14 cm and weighing just 253 g with a 1.9 litre capacity, this 11 No pot serves four to six people and stores neatly in any kitchen.",in stock,new,713.00 INR,499.00 INR,https://www.indiabusinessinternational.online/p/aluminium-rice-pot-with-lid-11-no-size-1-9-litre-handi-cooking-vessel-16x16x14/,https://drive.google.com/thumbnail?id=1DPDtEVt3g6wqtlw_8NgqQ30taO3UAZ6V&sz=w1600,"https://drive.google.com/thumbnail?id=1EKAszu8vhEChYh0MNGQVtg_zBxXn2WK0&sz=w1600,https://drive.google.com/thumbnail?id=1sxYPJaeaW_y0D3LHDiA46FZwk9AzWnqw&sz=w1600,https://drive.google.com/thumbnail?id=1uXZ6sCEdZoMBxG4s3LSOlO7Ki0tI1pWx&sz=w1600,https://drive.google.com/thumbnail?id=1Tmxjr2Le_5_oSd658slKdaEPopCRAeGB&sz=w1600,https://drive.google.com/thumbnail?id=1q0IGeYddRtsMPf8tgw_EZrfzeGZWGDlk&sz=w1600,https://drive.google.com/thumbnail?id=1JwdYm9QeOjTQmTqgAMuU94Bybnlg5pHi&sz=w1600,https://drive.google.com/thumbnail?id=1ANGO3AodfgpZ-dXshI0qNQhNDoOYmHLV&sz=w1600,https://drive.google.com/thumbnail?id=1mrO44uiFc18YqmkkjRDFHzljuCactrlM&sz=w1600",iINTELLIGENCEi,home
PROD-IINTELLIGENCEI-395273,"iINTELLIGENCEi Stainless Steel Non-Stick Fry Pan, BIS Certified, 44x26.5x6 cm, PFOA-Free Induction & Gas Stove Frying Pan, Rust-Resistant Dosa Egg Saute Skillet Cookware for Home Kitchen","Elevate your everyday cooking with the iINTELLIGENCEi Stainless Steel Non-Stick Fry Pan, a premium piece of cookware engineered for the discerning Indian home chef. Crafted from high-grade stainless steel with a durable non-stick coating, this frying pan delivers even heat distribution, effortless food release and a refined finish that complements any modern kitchen. This versatile cooking pan is your daily companion for dosa, omelettes, sunny-side eggs, sauteed vegetables, seafood, stir-fries and delicate crepes. The generous flat cooking surface makes it an ideal dosa pan, egg fry pan and all-purpose skillet, while the non-stick interior lets you cook with minimal oil for healthier meals your family will love. Designed for genuine convenience, this induction fry pan is fully compatible with induction cooktops, gas stoves and portable burners, giving you complete freedom whether you cook indoors or in your garden. The ergonomic stay-cool handle offers a secure, comfortable grip and confident manoeuvring, so flipping and tossing feels natural and safe. Built to last, the pan carries BIS certification and a PFOA-free, rust-resistant construction that withstands demanding daily use. The premium stainless steel body resists warping and corrosion, retaining its lustrous appearance wash after wash. Cleaning is effortless, as the smooth non-stick surface wipes clean in seconds with a soft sponge and mild detergent. Measuring a practical 44 x 26.5 x 6 cm and weighing a lightweight 537 g, this heavy-duty fry pan balances a spacious cooking area with easy handling and simple storage. Compact yet capacious, it fits neatly into cabinets and hangs conveniently on a kitchen rail. Perfect for families, students, bachelors and cooking enthusiasts, this premium stainless steel non-stick cookware is a thoughtful gift and a lasting kitchen essential that brings restaurant-quality results to your home cooking every single day. VERSATILE EVERYDAY COOKING: Perfect for dosa, eggs, omelettes, sauteed vegetables, seafood and stir-fries, this non-stick fry pan suits daily home cooking with healthy low-oil results and easy food release. • PREMIUM STEEL BUILD: Crafted from high-grade stainless steel with a durable PFOA-free non-stick coating, this frying pan resists rust, warping and corrosion for reliable long-term kitchen performance. • ERGONOMIC COOL HANDLE: The comfortable stay-cool handle offers a secure grip and confident manoeuvring, making flipping, tossing and serving safe, smooth and effortless during busy cooking. • BIS CERTIFIED DURABILITY: This heavy-duty cooking pan carries BIS certification and works on induction cooktops and gas stoves, delivering even heat and lasting quality wash after wash. • COMPACT PRACTICAL SIZE: Measuring 44 x 26.5 x 6 cm and weighing just 537 g, this lightweight skillet offers a spacious cooking surface while storing easily in cabinets or on kitchen rails.",in stock,new,1649.00 INR,1099.00 INR,https://www.indiabusinessinternational.online/p/stainless-steel-non-stick-fry-pan-bis-certified-44x26-5x6-cm-pfoa-free/,https://drive.google.com/thumbnail?id=1pcxyKLtBrIpFI3J5i6Khzi5tmgvKjPL1&sz=w1600,"https://drive.google.com/thumbnail?id=1MxXT8D7r-qxp5yH_hJVS_MHa1WOoE_sC&sz=w1600,https://drive.google.com/thumbnail?id=1wuQCXoE5NbbzHnlE3iqTg6n--JUhaLw8&sz=w1600,https://drive.google.com/thumbnail?id=1weegJ3Vt0NB1lm88UO3qBPOYGQa9ZEzn&sz=w1600,https://drive.google.com/thumbnail?id=11y10BooGrtsUuLMVMBVI2H84GkvGaES-&sz=w1600,https://drive.google.com/thumbnail?id=1KyAen46lYoNStiUQbXHOHfKZB0DHKa5O&sz=w1600,https://drive.google.com/thumbnail?id=1L3REE5dPYs5qMFBCgVB8OZQoVMKi_Uog&sz=w1600,https://drive.google.com/thumbnail?id=1H3UKq85mpgKz1hhJIzU0gv1K-kqOhH0t&sz=w1600,https://drive.google.com/thumbnail?id=1kxfTB_k2VOzsxjMuCTIJHrYDL7vC3RZW&sz=w1600",iINTELLIGENCEi,home
PROD-IINTELLIGENCEI-903163,"iINTELLIGENCEi Aluminium Kadhai with Lid, BIS Certified, 3 Litre, 31.5x27x13 cm, Deep Fry Wok Cooking Pan for Curry, Frying, Cookware for Home Kitchen and Restaurant, Riveted Handles, Silver Finish","Elevate everyday Indian cooking with the iINTELLIGENCEi Aluminium Kadhai with Lid, a premium BIS certified cookware essential crafted for discerning home chefs and busy commercial kitchens alike. This deep-bodied aluminium wok blends traditional form with refined engineering, delivering fast, even heat distribution that transforms curries, sabzis, biryanis and deep-fried snacks into restaurant-quality dishes. Generously sized with a 3 litre capacity, this frying kadhai measures 31.5 x 27 x 13 cm and weighs a feather-light 424 g, making it effortless to lift, swirl and manoeuvre while cooking. The comfortable riveted side handles offer a secure, balanced grip, so serving hot curries or draining crisp pakoras stays safe and simple even when the pan is full. Fashioned from high-grade food-safe aluminium, this cooking pan heats rapidly and responds instantly to flame adjustments, helping conserve fuel and cook faster. The smooth, polished silver finish resists staining, cleans easily and retains its elegant lustre wash after wash, giving your kitchen a luxurious, professional appeal. The fitted aluminium lid locks in moisture, aroma and nutrients, ideal for simmering dals, steaming vegetables and slow-cooking gravies to perfection. From deep frying puris, samosas and vadas to sauteing, roasting and tempering, this versatile deep fry pan handles every task with dependable ease. Compatible with gas stoves and traditional chulhas, this Indian cooking utensil suits homes, dhabas, catering setups and restaurants. Hand wash with a mild dish soap and soft sponge, then dry thoroughly to preserve its shine and longevity. Whether you are preparing festive feasts, daily family meals or bulk restaurant portions, this aluminium kadhai with lid is a timeless kitchen essential that combines durability, performance and understated elegance in one thoughtfully designed piece. VERSATILE COOKING WOK: Perfect for deep frying, sauteing, simmering curries, biryani, dals and snacks, this multipurpose kadhai handles everyday home cooking and busy restaurant kitchens with ease. • PREMIUM ALUMINIUM BUILD: Crafted from high-grade food-safe aluminium, this BIS certified cookware heats quickly and evenly, conserving fuel while delivering consistent, professional cooking results every time. • ERGONOMIC RIVETED HANDLES: Sturdy riveted side handles provide a secure, balanced grip for safe lifting, swirling and serving, while the polished silver finish adds a luxurious kitchen appeal. • DURABLE LONG LASTING FINISH: The smooth polished surface resists staining and corrosion, cleans effortlessly and retains its elegant lustre wash after wash for years of dependable daily use. • GENEROUS SIZE AND LIGHTWEIGHT: Measuring 31.5 x 27 x 13 cm with a 3 litre capacity and weighing only 424 g, this deep kadhai stays easy to handle, store and manoeuvre while cooking.",in stock,new,2399.00 INR,899.00 INR,https://www.indiabusinessinternational.online/p/aluminium-kadhai-with-lid-bis-certified-3-litre-31-5x27x13-cm-deep-fry-wok/,https://drive.google.com/thumbnail?id=14m49sT1JwOrAQLkmnTAGCDM4R9uebBTm&sz=w1600,"https://drive.google.com/thumbnail?id=1eVOgtQdTWtau8hsm9erOzZByCwaeEh27&sz=w1600,https://drive.google.com/thumbnail?id=1GUmP5261J5Epd_3Yr3xcaEdjMs-_QpuM&sz=w1600,https://drive.google.com/thumbnail?id=1kut8_XSaQUCDbbL-W16B2GsY0a0Af2tR&sz=w1600,https://drive.google.com/thumbnail?id=1smiSVA8SCNKZwqEmU4xLvhBZuWJQy3Q0&sz=w1600,https://drive.google.com/thumbnail?id=1EENPNNvE62mWlVeM0ajJ6bYGs9uQyKUE&sz=w1600,https://drive.google.com/thumbnail?id=1i1JiszD934_5b0QUEKyo8zhjfTBxiC9R&sz=w1600,https://drive.google.com/thumbnail?id=15V2JxuCbjIwjfpt4iS_OHQln3eUc2fDA&sz=w1600,https://drive.google.com/thumbnail?id=1Cw-NWE-auqTI8gFLNho_XtcSYe_B0NKy&sz=w1600",iINTELLIGENCEi,home-kitchen
PROD-IINTELLIGENCEI-579010,"iINTELLIGENCEi Stainless Steel Grater 28.5x11 cm, Dual-Sided Fine & Coarse Kitchen Vegetable Fruit Cheese Shredder, Multi Purpose Hand Grater with Handle for Ginger, Garlic, Carrot, Lemon Zester","Elevate your everyday cooking with the iINTELLIGENCEi Stainless Steel Grater, a premium dual-sided kitchen tool crafted for home chefs who demand precision, durability and elegant design. Every meal deserves finely shredded cheese, silky ginger and perfectly grated vegetables, and this multi purpose hand grater delivers all of that from a single, thoughtfully engineered surface. Forged from food-grade stainless steel, this steel grater resists rust, corrosion and staining while retaining its mirror-bright shine wash after wash. The razor-sharp perforations glide effortlessly through carrots, potatoes, cabbage, cheese, chocolate, coconut, garlic and lemon zest, making it a genuine all-in-one vegetable grater, fruit grater and citrus zester for the modern Indian kitchen. Two distinct grating zones give you complete control. The coarse grater side shreds cheese, carrot and vegetables into thick, appealing ribbons, while the fine grater side turns ginger, garlic, nutmeg and lemon peel into delicate flecks bursting with flavour. Whether you are preparing salads, garnishes, chutneys, bakes or festive dishes, this vegetable shredder adapts instantly. Designed for comfort, the sturdy arched steel handle offers a secure, non-slip grip, while the smooth rounded edges keep your fingers safe during use. Lightweight yet solid, this cheese shredder rests neatly over any bowl, plate or chopping board and hangs conveniently from the built-in loop for tidy storage. Specifications: this durable heavy duty grater measures 28.5 x 11 x 3 cm and weighs a nimble 148 g, striking the ideal balance between robust performance and effortless handling. It is compact enough to slide into a drawer yet substantial enough for daily kitchen work. Care is simple: rinse under running water after use and wipe dry to preserve the polished finish. Ideal for home cooks, professional kitchens and gifting. VERSATILE MULTI PURPOSE GRATER: Grates cheese, carrot, ginger, garlic, coconut, chocolate and lemon zest with ease, serving as a vegetable grater, fruit grater and citrus zester for daily Indian cooking. • PREMIUM STEEL BUILD: Crafted from food-grade stainless steel, this heavy duty grater resists rust, corrosion and staining while retaining a bright mirror shine for lasting kitchen performance. • DUAL-SIDED DESIGN: Features a coarse side for thick shreds and a fine side for delicate flecks, giving you complete control over texture for salads, garnishes, bakes and chutneys. • DURABLE SHARP BLADES: Precision-punched perforations stay sharp through repeated use, while smooth rounded edges and a secure arched handle keep grating safe, steady and effortless. • COMPACT LIGHTWEIGHT SIZE: Measuring 28.5 x 11 x 3 cm and weighing just 148 g, this slim hand grater rests over bowls, stores flat in drawers and hangs neatly from its built-in loop.",in stock,new,449.00 INR,199.00 INR,https://www.indiabusinessinternational.online/p/stainless-steel-grater-28-5x11-cm-dual-sided-fine-and-coarse-kitchen-vegetable/,https://drive.google.com/thumbnail?id=1ep0BtOLm_gcJzNAoG3P-c1-RmYEYuxzI&sz=w1600,"https://drive.google.com/thumbnail?id=1Gk7fzEX620MYKyk8pDWD9FSGBgJ1o97p&sz=w1600,https://drive.google.com/thumbnail?id=1Gg-FjiDi1OHU6dYeE-d-wupoS4pN51XZ&sz=w1600,https://drive.google.com/thumbnail?id=1OGongLp9ni4QijGCDm2p38r6AV0e-wdE&sz=w1600,https://drive.google.com/thumbnail?id=1ZZxO8NokHxHYYXhVhdSOBMNbRr8S4Op0&sz=w1600,https://drive.google.com/thumbnail?id=1QVZ0IpO2h7q80a4EX2CxN7GTgHKMnuJ3&sz=w1600,https://drive.google.com/thumbnail?id=1UiKvha3YVz_tkbkTB1Zj1jHqm0Ad2t-K&sz=w1600,https://drive.google.com/thumbnail?id=1Cu6fx1s-QwgmG0vhRj1stVBCwRi9Rnf9&sz=w1600,https://drive.google.com/thumbnail?id=1sHNytbhoeBSqJ1M3_zsxG_ihkI2dDrms&sz=w1600",iINTELLIGENCEi,home
PROD-IINTELLIGENCEI-676535,"iINTELLIGENCEi Stainless Steel Puttu Maker 27x14x14 cm, Traditional Kerala Puttu Kutti Kudam Steamer, Rust Resistant Puttu Cooker Pot Vessel for South Indian Breakfast, Idiyappam Steam Cooking","Elevate your morning kitchen ritual with the iINTELLIGENCEi Stainless Steel Puttu Maker, a premium South Indian steam cooking vessel crafted for authentic home-style breakfasts. Designed in the classic Puttu Kudam silhouette, this Puttu Kutti brings the beloved flavours of Kerala and Tamil Nadu straight to your table with effortless, healthy steam cooking. Forged from high-grade food-safe stainless steel, this Puttu Cooker delivers a luxurious mirror-polished finish that resists rust, corrosion and staining wash after wash. The heavy-duty base heats evenly, while the tall cylindrical steamer chamber and perforated plate produce perfectly soft, fluffy puttu every single time. The complete set includes the steamer tube, base pot, lid and a handy cleaning rod. Engineered for real Indian kitchens, this Steel Puttu Maker features an ergonomic heat-resistant handle and a secure knobbed lid for safe, comfortable handling near steam and heat. Its smart interlocking design channels steam efficiently, cooking rice flour puttu, idiyappam and other steamed delicacies quickly while sealing in nutrients and natural taste. Measuring a compact 27 x 14 x 14 cm and weighing just 415 g, this Traditional Puttu Maker is lightweight yet sturdy, easy to lift, store and manoeuvre on any stovetop. The smooth stainless steel surfaces wipe clean in seconds and are dishwasher friendly, making daily use and maintenance genuinely hassle-free. This Puttu Steamer is ideal for families, hostels, festive gatherings and anyone who loves wholesome, oil-free steamed food. Whether you are recreating cherished Kerala breakfasts or exploring healthy steam cooking, this durable Puttu Pot is a timeless kitchen essential. Pair it with your favourite grated coconut and rice flour, and enjoy restaurant-quality puttu at home. A must-have addition to your collection of stainless steel cookware and South Indian kitchen tools. VERSATILE STEAM COOKING: Prepares soft, fluffy puttu, idiyappam and other steamed delicacies with ease, making this traditional Kerala steamer a daily breakfast essential for South Indian homes. • PREMIUM STAINLESS STEEL: Crafted from food-safe stainless steel with a mirror-polished finish that resists rust, corrosion and stains for long-lasting hygienic steam cooking every day. • ERGONOMIC SAFE DESIGN: Features a heat-resistant handle and secure knobbed lid for comfortable, confident handling near steam, plus an efficient interlocking chamber that cooks quickly. • HEAVY DUTY BUILD: Sturdy even-heating base and durable steamer tube withstand daily stovetop use, delivering reliable, long-lasting performance in busy Indian kitchens. • COMPACT LIGHTWEIGHT SIZE: Measures 27 x 14 x 14 cm and weighs only 415 g, keeping this puttu kudam easy to lift, store and clean while occupying minimal shelf space.",in stock,new,1049.00 INR,699.00 INR,https://www.indiabusinessinternational.online/p/stainless-steel-puttu-maker-27x14x14-cm-traditional-kerala-puttu-kutti-kudam/,https://drive.google.com/thumbnail?id=1wVDwP0v6Zl-0tfweIz50uEE_UrekRqQ9&sz=w1600,"https://drive.google.com/thumbnail?id=1d7PRlxg4Mnf2TDkHWJ1JLT1uJCWI_WUi&sz=w1600,https://drive.google.com/thumbnail?id=15AKpKpL_ldU8Ob8aNQIl89Mvs6V2hdb5&sz=w1600,https://drive.google.com/thumbnail?id=1mu8kjn_nVHvb78XewxDDhJH5_djkOk3Q&sz=w1600,https://drive.google.com/thumbnail?id=1n5LF0Mu6UryZXMHn3JwHV_gD7VOlFN8U&sz=w1600,https://drive.google.com/thumbnail?id=1eFXlYBNmly6pZn0_pM_ChGkFETKot4bt&sz=w1600",iINTELLIGENCEi,home
PROD-IINTELLIGENCEI-699348,"iINTELLIGENCEi Stainless Steel Manual Lemon Squeezer, 20 x 6.5 x 3 cm, Heavy Duty Hand Press Citrus Juicer, Lime Lemon Press Juice Extractor, Ergonomic Kitchen Gadget Tool for Home & Restaurant","Elevate your kitchen with the iINTELLIGENCEi Stainless Steel Manual Lemon Squeezer, a premium hand press citrus juicer crafted to extract every last drop of fresh, zesty juice with effortless precision. Designed for the discerning home chef and professional kitchen alike, this luxurious lemon press blends refined form with dependable everyday function, transforming lemons, limes and small oranges into pure, seed-free juice in seconds. Forged from high-grade food-safe stainless steel, this manual citrus press resists rust, corrosion and staining, ensuring a lasting mirror-finish shine wash after wash. The robust single-lever design delivers powerful leverage, allowing you to squeeze fruit with minimal effort while the perforated bowl neatly strains pips and pulp, leaving only clean, flavourful juice for your recipes. Thoughtfully engineered ergonomics make this lemon juicer a pleasure to use. The comfortable, contoured handle offers a secure, slip-free grip, while the smooth hinged action reduces hand strain, making it ideal for daily cooking, cocktail mixing, salad dressings, marinades and refreshing summer drinks. Compact and travel-friendly, this lime squeezer measures a practical 20 x 6.5 x 3 cm and weighs a lightweight 99 g, storing neatly in any drawer, caddy or utensil holder without cluttering your countertop. Its slim profile makes it perfect for kitchens, cafes, juice bars and hostels. Cleaning is wonderfully simple: rinse under warm water immediately after use, or place in the dishwasher for effortless maintenance. The seamless stainless steel body has no awkward crevices, keeping your citrus press hygienic and ready for the next use. Whether preparing garnishes, health drinks or family meals, this manual lemon squeezer is a must-have kitchen essential and cooking tool that brings premium quality, durability and convenience to every household. VERSATILE CITRUS PRESS: Squeezes lemons, limes and small oranges effortlessly for drinks, marinades, salad dressings, cocktails and daily cooking, making it an essential multipurpose kitchen gadget. • PREMIUM STAINLESS STEEL: Crafted from durable food-safe stainless steel that resists rust, corrosion and staining, delivering a hygienic, mirror-finish juicer built for lasting everyday performance. • ERGONOMIC COMFORT GRIP: Contoured slip-free handle and smooth hinged lever reduce hand strain, letting you extract maximum juice with minimal effort during quick, repeated squeezing sessions. • STURDY HEAVY DUTY BUILD: Robust single-piece construction with a perforated straining bowl withstands firm pressing pressure, resisting bending and breakage for reliable long-term kitchen use. • COMPACT LIGHTWEIGHT DESIGN: Measuring 20 x 6.5 x 3 cm and weighing only 99 g, this slim lime squeezer stores neatly in any drawer or utensil holder and travels easily anywhere.",in stock,new,449.00 INR,179.00 INR,https://www.indiabusinessinternational.online/p/stainless-steel-manual-lemon-squeezer-20-x-6-5-x-3-cm-heavy-duty-hand-press/,https://drive.google.com/thumbnail?id=1QjgwzRbzb1KW7oXpZg_tMcX96Quv_huV&sz=w1600,"https://drive.google.com/thumbnail?id=1_kYZzA5VpTf_RMsO2eZIwQF10gA0KVU7&sz=w1600,https://drive.google.com/thumbnail?id=1ao92NOLjlU8QjRvcmECN77cnHMARZ1g1&sz=w1600,https://drive.google.com/thumbnail?id=1UsUkigccPerE1Fg-M61wvtPKflRRQ7LY&sz=w1600,https://drive.google.com/thumbnail?id=1S5Ul24G-sU7KbC32bIZ8RoqOZLtZZRfq&sz=w1600,https://drive.google.com/thumbnail?id=1u8Z2DKBsWwRp-GaEyj73ev6bVTYoo24E&sz=w1600,https://drive.google.com/thumbnail?id=1REri5HNry8oMDc59zrjlklwLORUX2yya&sz=w1600,https://drive.google.com/thumbnail?id=1XpdZArTftkCP0emENuIQI6jqV6zDldoe&sz=w1600,https://drive.google.com/thumbnail?id=13Bl6WtoxgHYtQYCw9gx93MEhWa5rIGwq&sz=w1600",iINTELLIGENCEi,home
PROD-IINTELLIGENCEI-929882,"iINTELLIGENCEi Aluminium Dust Pan Set of 2, Premium Heavy Duty Metal Dustpan with Handle, Reusable Floor Sweeping Cleaning Pan for Home Kitchen Office, 26x24x3 cm Utility Dust Collector","Elevate your everyday cleaning routine with the iINTELLIGENCEi Aluminium Dust Pan, a premium set of two crafted for households that value durability and refined performance. Engineered from robust aluminium metal, this dust pan delivers a luxurious blend of strength and lightweight handling, making it the ideal companion for sweeping dust, debris and dry spills across every room in your home. Designed as a versatile household cleaning tool, this metal dust pan effortlessly collects dirt, crumbs, pet hair and fine particles from tiled floors, wooden surfaces, garages, balconies and workshop areas. The generously sized collecting surface and smooth front edge sit flush against the ground, ensuring a clean sweep in a single motion without leaving stubborn residue behind. Crafted with a sturdy integrated metal handle, this floor dust pan offers a comfortable, ergonomic grip that keeps your hands away from grime while you clean. The reinforced construction resists bending, cracking and rust, giving you a reusable, heavy duty cleaning companion that outlasts flimsy plastic alternatives season after season. Each utility dust pan measures a practical 26 x 24 x 3 cm and weighs a mere 243 g, striking the perfect balance between a wide catchment area and easy manoeuvrability. Its slim profile allows convenient hanging storage or tucking away in tight cupboards, while the metal finish wipes clean in seconds under running water. This home cleaning accessory suits homemakers, office spaces, hostels, shops, salons and commercial kitchens alike. Whether pairing it with a broom, brush or besom, the dust collector pan handles daily and deep-cleaning tasks with elegant ease. Simply rinse, wipe dry and store to keep your metal cleaning tool spotless and ready. Order the iINTELLIGENCEi twin pack today and enjoy premium sweeping performance built to last. VERSATILE EVERYDAY CLEANING: This aluminium dust pan collects dust, debris, crumbs and pet hair from floors, garages, balconies and workshops, serving as a dependable household tool for home and office. • PREMIUM METAL BUILD: Crafted from robust aluminium, this heavy duty dustpan resists rust, bending and cracking, delivering a long-lasting sweeping pan that outperforms flimsy plastic alternatives. • ERGONOMIC HANDLE DESIGN: The integrated metal handle offers a comfortable, secure grip that keeps hands clean, while the flush front edge sits flat for effortless one-sweep dust collection. • DURABLE REUSABLE BUILD: Reinforced edges and sturdy welded joints ensure this reusable floor dust pan withstands daily heavy use, giving reliable cleaning performance season after season. • PRACTICAL SIZE AND WEIGHT: Measuring 26 x 24 x 3 cm and weighing just 243 g, this compact utility dust pan offers a wide catchment area with easy handling and neat storage.",in stock,new,599.00 INR,250.00 INR,https://www.indiabusinessinternational.online/p/aluminium-dust-pan-set-of-2-premium-heavy-duty-metal-dustpan-with-handle/,https://drive.google.com/thumbnail?id=1Sg-9zzZhoeHQ6RYmrMH1kSK_uU2WyvDd&sz=w1600,"https://drive.google.com/thumbnail?id=1TjhwDgfHAmRY-Utm6r_RAmtHnPYy68KF&sz=w1600,https://drive.google.com/thumbnail?id=1gvl6J_gJ4voUQ7yCfPUX-herMH_c98i9&sz=w1600,https://drive.google.com/thumbnail?id=1wAf19bUfCBmNPMfszGOdsuo--XZ5welk&sz=w1600,https://drive.google.com/thumbnail?id=1yXvkVoQsdsl5MdPZlFhfp4joMcoZSEv9&sz=w1600,https://drive.google.com/thumbnail?id=1sfu8AZtcbP8Go9Fi6571tFj6vSOMisdn&sz=w1600,https://drive.google.com/thumbnail?id=1QVJ1f10bXTDTjNYBufA97QQh1sPmI-hr&sz=w1600,https://drive.google.com/thumbnail?id=13xSaAm2jLog8rDXnRSlyUoF-gLOfbe8X&sz=w1600,https://drive.google.com/thumbnail?id=1cSvnYOGmjgZYtuKPPFtaMpM4OsAXD9vK&sz=w1600",iINTELLIGENCEi,home
PROD-IINTELLIGENCEI-387877,"iINTELLIGENCEi Palm Leaf Sulavu Winnowing Basket, 48x42x7 cm, Handmade Handwoven Natural Eco Friendly Traditional Indian Handicraft, Rustic Kitchen Grain Rice Tray, Sustainable Home Decor, 1 Qty","Elevate your kitchen and home with the iINTELLIGENCEi Palm Leaf Sulavu, a premium handwoven winnowing basket that celebrates the timeless artistry of traditional Indian village craft. Meticulously handcrafted by skilled rural artisans, each Sulavu carries the soul of authentic South Indian heritage, blending everyday utility with understated rustic elegance for the discerning modern home. Crafted entirely from natural palm leaf strips, this eco friendly basket is woven in the classic teardrop silhouette that generations of Indian households have trusted for winnowing rice, separating grains, cleaning pulses, and sifting husk from paddy. The tight, precise weave and reinforced coloured binding in vibrant pink and green add both durability and a charming decorative accent. Beyond its traditional winnowing role, this versatile palm leaf tray shines as sustainable home decor, a rustic serving platter, a fruit and vegetable holder, a spice organiser, or a striking wall display piece. Its handmade character makes it an ideal choice for eco conscious kitchens, farmhouse styling, festive gifting, and photography props celebrating village craft. Measuring a generous 48 x 42 x 7 cm and weighing just 349 g, this handwoven Sulavu is lightweight yet sturdy, easy to lift, carry, and store. The natural palm fibre stays cool to touch and breathable, keeping grains fresh while resisting everyday wear with graceful longevity. Caring for your natural basket is effortless. Simply wipe clean with a dry or lightly damp cloth, avoid prolonged soaking, and air dry away from direct heat to preserve the palm leaf weave. Occasional gentle brushing keeps the fibres supple and beautiful for years of use. Perfect for homemakers, chefs, collectors of Indian handicrafts, and anyone seeking authentic, sustainable, plastic free living, this palm leaf handicraft brings warmth, tradition, and eco friendly charm to any space with premium handmade quality. VERSATILE KITCHEN USE: This palm leaf Sulavu serves for winnowing rice, sifting grains, cleaning pulses, serving snacks, holding fruits, and styling as rustic home decor across traditional Indian homes. • NATURAL PALM LEAF: Handwoven from pure palm leaf fibres, this eco friendly basket is plastic free, breathable, and sustainable, celebrating authentic village craftsmanship in every carefully tightened strand. • HANDMADE ARTISAN DESIGN: The classic teardrop shape with vibrant pink and green binding offers ergonomic handling and charming rustic appeal, crafted by skilled rural artisans with genuine care. • STURDY DURABLE WEAVE: Tight interlocked palm leaf weaving with reinforced edges resists everyday wear, keeping this winnowing tray strong, lightweight, and reliable through years of regular household use. • GENEROUS SIZE LIGHTWEIGHT: Measuring 48 x 42 x 7 cm and weighing just 349 g, this handwoven basket offers ample surface area while staying easy to lift, carry, and store neatly.",in stock,new,1499.00 INR,999.00 INR,https://www.indiabusinessinternational.online/p/palm-leaf-sulavu-winnowing-basket-48x42x7-cm-handmade-handwoven-natural-eco/,https://drive.google.com/thumbnail?id=1uI8vOABzTzLXbuxRbTvnA5ZBmOTC0q5X&sz=w1600,"https://drive.google.com/thumbnail?id=1F20v7TfY8VrSR9dMVByUwerkQOzn5Qdg&sz=w1600,https://drive.google.com/thumbnail?id=1st3DQsfoXawgAsywXLYZwTNtR-9BHNj_&sz=w1600,https://drive.google.com/thumbnail?id=1JZN4s7xg2hFPm36UV1SkRvu6p5gVXwOr&sz=w1600,https://drive.google.com/thumbnail?id=1GS6H8vDy_L0ti7pOO1S2S2FhMSDZfk1v&sz=w1600,https://drive.google.com/thumbnail?id=1GoTnWU0ihM5Rla-nGa6QDkwSRpaG4mpo&sz=w1600,https://drive.google.com/thumbnail?id=1gW1VpN6-to-_AaU5PCiSuhrBVIdhnkng&sz=w1600,https://drive.google.com/thumbnail?id=1umzj9pgwTRnef1Gbr3LV-1xkOhgwMhRw&sz=w1600,https://drive.google.com/thumbnail?id=1pRkdOCyRIHNwoiSyeLzeTsb2PfyiCSuv&sz=w1600",iINTELLIGENCEi,home
PROD-IINTELLIGENCEI-985089,"iINTELLIGENCEi Natural Coir Door Mat 62x36x2 cm, Handmade Coconut Fibre Welcome Mat for Entrance, Eco-Friendly Anti-Slip Outdoor Indoor Floor Mat, Diamond Geometric Design Dust Control Doormat","Elevate your entryway with the iINTELLIGENCEi Natural Coir Door Mat, a luxuriously crafted coconut fibre welcome mat that blends timeless artisan style with everyday practicality. Handwoven from premium natural coir, this eco-friendly floor mat brings warm, earthy elegance to any home, villa, apartment or office entrance. The striking diamond geometric design, accented with rich colour panels, turns a functional doormat into a genuine decor statement. Whether placed at your front door, back door, patio, balcony or kitchen threshold, this handmade coir mat greets guests with premium charm while quietly doing the hard work of trapping dirt, dust and moisture from footwear. Dense, springy coconut coir bristles scrape mud, grit and grime from shoe soles, keeping interior floors cleaner and safer. The naturally coarse texture makes this entrance mat an excellent dust control and welcome mat for high-traffic households, monsoon seasons and dusty Indian summers alike. Measuring a generous 62 x 36 x 2 cm and weighing a substantial 677 g, this coir doormat offers ample foot coverage with a sturdy, low-profile build that lies flat and stays put. The tightly woven natural fibre construction resists wear, fading and shedding, delivering lasting performance indoors and in sheltered outdoor spots. Caring for this sustainable home decor mat is effortless: simply shake out loose debris, tap gently or vacuum lightly to refresh the fibres. Position it under a covered porch or veranda to extend its life and preserve its rich colouring. Ideal for homeowners, renters, gift-givers and eco-conscious shoppers who value handcrafted quality, this coconut fibre mat pairs beautifully with modern, rustic, boho and traditional interiors, making it a versatile, thoughtful addition to any entrance. VERSATILE ENTRANCE USE: Perfect as a welcome mat, entrance mat and dust control doormat for front doors, back doors, patios, verandas and kitchen thresholds, keeping interior floors cleaner every day. • PREMIUM NATURAL COIR: Handwoven from durable coconut fibre, this eco-friendly floor mat delivers a coarse, absorbent surface that scrapes mud, dust and moisture from footwear with reliable efficiency. • ARTISAN DIAMOND DESIGN: The handcrafted diamond geometric pattern with bold colour accents adds luxurious, earthy charm, complementing modern, rustic, boho and traditional home entrances beautifully. • DURABLE TIGHT WEAVE: Densely woven natural fibres resist shedding, fading and wear, offering long-lasting performance indoors and in sheltered outdoor spots through monsoons and dusty seasons. • GENEROUS SIZE AND WEIGHT: Measuring 62 x 36 x 2 cm and weighing a sturdy 677 g, this low-profile coir mat lies flat, stays firmly in place and offers ample space for wiping shoes.",in stock,new,1049.00 INR,499.00 INR,https://www.indiabusinessinternational.online/p/natural-coir-door-mat-62x36x2-cm-handmade-coconut-fibre-welcome-mat-for/,https://drive.google.com/thumbnail?id=1pWDloBMwluNFEd5mn00QwOX688y2GM1V&sz=w1600,"https://drive.google.com/thumbnail?id=1wzqbtDjRpnojI6jKq8_2BnZQ2NPwXvlL&sz=w1600,https://drive.google.com/thumbnail?id=1_YvPpQUwJa_MiQe8fTnUHE_ba-bJBDhV&sz=w1600,https://drive.google.com/thumbnail?id=15Dz9xQ-Mw6V2u9nT1-JGuO9xQu13iBJ4&sz=w1600,https://drive.google.com/thumbnail?id=1PV74hz-fpRjgQW16evGUzcMnWC3Oc0aU&sz=w1600,https://drive.google.com/thumbnail?id=1b8b0sb-yNQ15oslWAZ2WN8OwyTltkW-1&sz=w1600,https://drive.google.com/thumbnail?id=1gzmIrE_UXdJHOUKaH-j72VJq9XHZTNKy&sz=w1600,https://drive.google.com/thumbnail?id=1YcpgqPijHv3RtERjwSTsLJFTaAx4kR-C&sz=w1600,https://drive.google.com/thumbnail?id=1GrUDxrkNOtt9hEJ-ZaxOWFT9rUlb7eEu&sz=w1600",iINTELLIGENCEi,home
PROD-IINTELLIGENCEI-912865,"iINTELLIGENCEi Coir Brush 37.5x11x4 cm, Natural Coconut Fibre Cleaning Scrub Brush with Wooden Handle, Eco Friendly Biodegradable Plastic Free Household Kitchen Dusting Brush for Home Car Floor","Elevate your everyday cleaning ritual with the iINTELLIGENCEi Coir Brush, a premium household essential crafted from pure coconut fibre and finished with a warm, handsome wooden handle. Thoughtfully designed for the discerning Indian home, this natural cleaning brush blends artisanal beauty with dependable performance, transforming a mundane chore into an effortless, satisfying experience. Meticulously hand-bound coconut husk bristles offer the perfect balance of firmness and flexibility, sweeping away dust, crumbs, pet hair, mud and stubborn grime without scratching delicate surfaces. From kitchen counters and dining tables to car interiors, floor mats, staircases, doormats and workshop benches, this versatile scrub brush rises to every task with graceful ease. Sustainably sourced coir is naturally durable, quick-drying and resistant to odour, making it a smart, hygienic alternative to synthetic plastic brushes. Each bristle is anchored securely into the smooth, ergonomically shaped wooden handle, giving you a comfortable, confident grip that reduces wrist strain during longer cleaning sessions. As a fully biodegradable, plastic free cleaning accessory, this eco brush reflects a conscious lifestyle choice. Coconut fibre is renewable, compostable and gentle on the planet, so you can maintain a spotless home while honouring your commitment to sustainable living and zero waste habits. Compact yet substantial, this coir cleaning brush measures 37.5 x 11 x 4 cm and weighs a well-balanced 233 g, making it easy to store in a drawer, hang on a hook or carry between rooms and vehicles. Simply rinse under water after use, shake off excess moisture and air dry to keep the bristles resilient for years. Ideal for homemakers, car owners, gardeners and eco-minded families, the iINTELLIGENCEi Coir Brush is a refined blend of tradition, function and mindful design for your modern home. VERSATILE CLEANING BRUSH: Sweeps dust, crumbs, mud, pet hair and grime from kitchen counters, floors, doormats, staircases, car interiors and workshop benches with effortless, scratch free precision. • NATURAL COIR BRISTLES: Crafted from pure coconut husk fibre, these firm yet flexible bristles resist odour, dry quickly and outperform synthetic plastic brushes for hygienic, long lasting everyday cleaning. • ERGONOMIC WOODEN HANDLE: A smooth, comfortably shaped natural wooden handle delivers a confident grip that reduces wrist strain and gives you complete control during longer dusting sessions. • ECO FRIENDLY AND DURABLE: Fully biodegradable, compostable and plastic free, this sustainable scrub brush is built with securely anchored bristles that stay resilient wash after wash for years. • PERFECT COMPACT SIZE: Measuring 37.5 x 11 x 4 cm and weighing a balanced 233 g, this coir brush stores neatly in a drawer, hangs on a hook and travels easily between rooms and vehicles.",in stock,new,1499.00 INR,199.00 INR,https://www.indiabusinessinternational.online/p/coir-brush-37-5x11x4-cm-natural-coconut-fibre-cleaning-scrub-brush-with-wooden/,https://drive.google.com/thumbnail?id=1NgY9BMDMJ6ynYUf19NbKqg_t1O5mpOrh&sz=w1600,"https://drive.google.com/thumbnail?id=1XWLJv-pONgSYzY-hr_q1_OYzJ5JmNszu&sz=w1600,https://drive.google.com/thumbnail?id=10KBIhGU0nP6_A_HfbMzsLSAPl9zXS-6V&sz=w1600,https://drive.google.com/thumbnail?id=1A8Ojz84uyNxYUp3clp0Wvg9VwizIl7ID&sz=w1600,https://drive.google.com/thumbnail?id=184qnsQQjfk_1D1nrYq9nkTTySUw_tkqE&sz=w1600,https://drive.google.com/thumbnail?id=1H8ifXavDdh_uXmblJW8Tkuf7Xp0dsnSg&sz=w1600,https://drive.google.com/thumbnail?id=135fXe9zJR9jbKePD4wofyp85wmKZxJg0&sz=w1600,https://drive.google.com/thumbnail?id=1bo2q0r5aBIgUffiC5bJaZ_dP_s7dDdo1&sz=w1600,https://drive.google.com/thumbnail?id=1Ux3yZkvi19Y2e0lCvXILd7tN1TB5poBQ&sz=w1600",iINTELLIGENCEi,home-cleaning
PROD-IINTELLIGENCEI-895765,"iINTELLIGENCEi Palmyrah Brush 22x6x5 cm, Natural Palm Fiber Cleaning Brush with Wooden Handle, Eco-Friendly Biodegradable Scrub Brush for Kitchen Utensils, Floor, Tiles, Household Washing","Elevate your everyday cleaning ritual with the iINTELLIGENCEi Palmyrah Brush, a beautifully crafted natural fibre scrub brush that blends heritage artistry with premium performance. Hand-assembled from resilient palmyra palm fibres set into a smooth, solid wooden block, this eco brush delivers powerful scrubbing action while honouring sustainable, plastic-free living. The dense, stiff palm fibre bristles are ideal for tackling stubborn grime, dried food, grease and stains across a wide range of surfaces. Use it as a kitchen brush for washing pots, pans, tawas and utensils, as a scrub brush for floors, tiles, bathroom walls and grout, or as an outdoor household brush for verandahs, courtyards, steps and garden pathways. The natural coir-like fibres grip dirt effectively without scratching, making it a versatile everyday cleaning companion. Crafted from genuine palmyrah palm and untreated wood, this natural brush is fully biodegradable and kind to the environment. Unlike synthetic plastic scrubbers, the palm leaf fibre resists rot, dries quickly and retains its firmness through repeated use, offering dependable durability wash after wash. The ergonomic wooden body sits comfortably in the palm, giving you a confident, controlled grip while you scrub. Its balanced weight and compact footprint make cleaning effortless, whether you are working over a sink, a bathroom floor or an outdoor surface. Measuring a practical 22 x 6 x 5 cm and weighing just 165 gm, this palmyra brush is lightweight yet sturdy, easy to store on a hook or in a cupboard, and simple to rinse and air-dry. It is perfect for eco-conscious homes, kitchens, hostels and commercial spaces seeking a sustainable, biodegradable cleaning accessory that combines rustic elegance with reliable, long-lasting scrubbing power. VERSATILE CLEANING BRUSH: Perfect for scrubbing kitchen utensils, pots, pans, floors, tiles, bathrooms and outdoor courtyards, this natural fibre brush tackles grease, grime and stubborn stains with ease. • NATURAL PALM FIBRE: Made from genuine palmyrah palm bristles set in a solid wooden block, this eco brush delivers firm, effective scrubbing while remaining fully biodegradable and plastic-free. • ERGONOMIC WOODEN GRIP: The smooth, contoured wooden body fits comfortably in the hand, offering confident control and effortless manoeuvring over sinks, floors and household surfaces. • DURABLE AND LONG LASTING: Stiff palm fibre resists rot, dries quickly and holds its shape through repeated washing, giving you dependable, hardwearing cleaning performance wash after wash. • COMPACT LIGHTWEIGHT SIZE: Measuring 22 x 6 x 5 cm and weighing just 165 gm, this scrub brush is easy to handle, quick to rinse and simple to store on a hook or in a cupboard.",in stock,new,749.00 INR,249.00 INR,https://www.indiabusinessinternational.online/p/palmyrah-brush-22x6x5-cm-natural-palm-fiber-cleaning-brush-with-wooden-handle/,https://drive.google.com/thumbnail?id=16PQJe0_qb4Hq8b6jao4fadphc8Dpt8f6&sz=w1600,"https://drive.google.com/thumbnail?id=1CG1O4u0S6QRuppRpN3jXye0JQua5tiqE&sz=w1600,https://drive.google.com/thumbnail?id=1yxgFAMyE7mhbuFstsuI-stS28wfD5XTv&sz=w1600,https://drive.google.com/thumbnail?id=1tnnrSqfg-652IDl5z4RVBsYmsfsvCzP6&sz=w1600,https://drive.google.com/thumbnail?id=1z_g_aVb_ZAYYu7MoKKebjep1agdKWffd&sz=w1600,https://drive.google.com/thumbnail?id=1gu9byiOdtah01nznmSIdQa7-ct9B772O&sz=w1600,https://drive.google.com/thumbnail?id=1M1bgroSDXP4Xo8Ib1XWwbRNuPolQPeh1&sz=w1600,https://drive.google.com/thumbnail?id=1HItUfvNaXs5XfDngax1Fuqx8xsZWPyo1&sz=w1600,https://drive.google.com/thumbnail?id=1HySUlrNhxxLKlP-3evRDrVhbR9PlFNa0&sz=w1600",iINTELLIGENCEi,home-cleaning
PROD-IINTELLIGENCEI-457703,"iINTELLIGENCEi Palmyrah Floor Brush, Natural Palm Fiber Hard Bristle Wooden Scrub Brush, Eco-Friendly Household Kitchen Cleaning Broom Head for Home Floor Scrubber","Elevate your everyday cleaning ritual with the iINTELLIGENCEi Palmyrah Floor Brush, a premium household cleaning tool crafted from naturally sourced palm fibre and solid seasoned wood. Designed for discerning homes across India, this hard bristle brush delivers powerful, professional-grade scrubbing on tiled floors, cement surfaces, courtyards, verandahs and outdoor patios with effortless grace. The densely packed Palmyra bristles are stiff, resilient and moisture-friendly, lifting stubborn dirt, grime, mud and dried stains that softer brushes simply leave behind. Whether tackling kitchen floors, bathroom tiles, terrace surfaces or garage grime, this palm fibre brush glides smoothly while its natural stiffness scrubs deep into grouting and textured stone for a spotless, hygienic finish. Meticulously constructed, the smooth wooden block head measures a generous 45 x 10 x 7 cm and weighs a balanced 655 g, offering substantial sweeping width without feeling cumbersome. A central threaded socket lets you fit any standard broom handle or stick, transforming this scrub brush into a full-length floor scrubber for comfortable, upright cleaning that protects your back and knees. Eco-conscious and sustainably made, the Palmyrah bristles are biodegradable, chemical-free and gentle on the environment, making this an ideal green alternative to plastic cleaning brushes. The robust wooden body resists warping and withstands repeated wet scrubbing, ensuring dependable, long-lasting performance season after season. Perfect for homemakers, housekeeping staff, offices, temples, shops and commercial spaces, this versatile household cleaning brush suits both indoor and outdoor use. Simply rinse after use, shake off excess water and air-dry to keep the bristles firm and hygienic. Combine timeless craftsmanship with practical everyday utility and bring home the iINTELLIGENCEi Palmyra Floor Brush for cleaning that feels effortless, thorough and genuinely premium. VERSATILE FLOOR CLEANING: Ideal for scrubbing tiles, cement floors, courtyards, verandahs, bathrooms and patios, this Palmyrah brush tackles indoor and outdoor grime with dependable, professional results. • NATURAL PALM FIBRE: Crafted from stiff, resilient Palmyra bristles and solid seasoned wood, this eco-friendly scrub brush is biodegradable, chemical-free and built for powerful deep cleaning. • HANDLE READY DESIGN: A central threaded socket fits any standard broom stick, converting this brush into an upright floor scrubber that protects your back and knees during cleaning. • STURDY WOODEN BUILD: The robust wooden block resists warping and withstands repeated wet scrubbing, delivering reliable, long-lasting performance across every season of daily household use. • GENEROUS SIZE AND WEIGHT: Measuring 45 x 10 x 7 cm and weighing a balanced 655 g, this brush offers wide sweeping coverage while staying easy to manoeuvre and comfortable to control.",in stock,new,644.00 INR,349.00 INR,https://www.indiabusinessinternational.online/p/palmyrah-floor-brush-natural-palm-fiber-hard-bristle-wooden-scrub-brush-eco/,https://drive.google.com/thumbnail?id=1nUxyCxtDzuQd51WsFRbbTYrNkhz9mvmX&sz=w1600,"https://drive.google.com/thumbnail?id=1imusTb9LKa2qZdqPY7CtSkOs3AiAmQbm&sz=w1600,https://drive.google.com/thumbnail?id=1mUhYMV2he9qRlWD19s3yjF54LRrCrvEG&sz=w1600,https://drive.google.com/thumbnail?id=1ivxSxIS88eUjpFRbWrd-RoRuj7LIWj0H&sz=w1600,https://drive.google.com/thumbnail?id=1JIGsJJBPttkn5K6PhjoiOsB4OzWuE6_l&sz=w1600,https://drive.google.com/thumbnail?id=1bu1tUphAnROEfERtV_HDs5dmTGl7KSxv&sz=w1600,https://drive.google.com/thumbnail?id=1TfgJ4fzLxoRbLqt0VxOevOpeEclHzUCU&sz=w1600,https://drive.google.com/thumbnail?id=1srxJEihc0gSI88aiV4ZQhn258L2gj1TP&sz=w1600,https://drive.google.com/thumbnail?id=1keFw4PkvzzoJR0lku5c-gT2dWgHHCI7n&sz=w1600",iINTELLIGENCEi,home
PROD-IINTELLIGENCEI-906256,"iINTELLIGENCEi Coconut Broom Sticks, Natural Eco-Friendly Floor Sweeping Broom, Premium Handmade Coconut Leaf Stick Jhadu for Home Office Outdoor Cleaning, 80 cm Long Handle Dust Broom","Elevate your everyday cleaning ritual with the iINTELLIGENCEi Coconut Broom Sticks, a premium handcrafted sweeping essential shaped from carefully selected coconut leaf midribs. Each broom delivers the perfect balance of stiffness and flexibility, allowing you to sweep away dust, sand, leaves and stubborn debris with graceful, effortless strokes across every surface of your home. Meticulously bundled by skilled artisans, this natural coconut broom features tightly wound coloured binding that keeps the bristles firm, secure and long lasting. The dense, resilient stick cluster fans out beautifully to cover a wide sweeping area, dramatically reducing the time and effort needed to clean floors, courtyards, verandahs, terraces and staircases with a single confident pass. Crafted for versatile indoor and outdoor use, this traditional grass broom performs flawlessly on tiles, granite, marble, mosaic, cement, wood and rough concrete. From dusting corners and gathering fallen leaves in the garden to clearing pooja rooms, shops, warehouses and open compounds, this household broom adapts effortlessly to every cleaning task. Measuring a generous 80 x 5.5 x 5.5 cm and weighing a comfortable 430 g, this floor broom offers an ergonomic length that lets you sweep upright with minimal bending, protecting your back during longer cleaning sessions. The lightweight yet sturdy build ensures smooth, fatigue-free manoeuvring for users of every age. Environmentally conscious and completely biodegradable, this eco-friendly coconut leaf broom is a natural, chemical-free alternative to synthetic plastic brooms. Renewable coconut fibre makes it a sustainable choice for the modern, responsible Indian household seeking authentic quality. Ideal for homes, apartments, offices, temples, shops, schools and farmhouses, this cleaning broom is a dependable companion for daily sweeping. Simply shake off dust after use and store upright in a dry place to preserve its shape. VERSATILE EVERYDAY CLEANING: Sweeps dust, sand, hair, leaves and debris across floors, courtyards, verandahs, terraces and staircases as a dependable all-purpose household tool. • PREMIUM NATURAL MATERIAL: Handcrafted from coconut leaf midribs, this eco-friendly broom has firm yet flexible bristles that are biodegradable, chemical-free and gentle on surfaces. • ERGONOMIC WIDE SWEEP: The fanned bristle cluster covers a broad area per stroke, so you clean faster with less bending while the coloured binding gives a steady grip. • DURABLE TIGHT BINDING: Tightly wound artisan binding locks the sticks firmly in place, resisting loosening, shedding and breakage for long-lasting daily performance. • IDEAL SIZE AND WEIGHT: Measuring 80 x 5.5 x 5.5 cm and weighing a light 430 g, this long broom offers upright reach and effortless handling for every age.",in stock,new,1499.00 INR,290.00 INR,https://www.indiabusinessinternational.online/p/coconut-broom-sticks-natural-eco-friendly-floor-sweeping-broom-premium-handmade/,https://drive.google.com/thumbnail?id=1pLbKCIgkd48mj4TCa8JZf8Z6TInbOhHx&sz=w1600,"https://drive.google.com/thumbnail?id=1qUfIB1iEHriksEekOSs6Ajd8kItLADI6&sz=w1600,https://drive.google.com/thumbnail?id=1OaIDq3Zflfv11Jd9Ja-YrZKE0_AdI2Zt&sz=w1600,https://drive.google.com/thumbnail?id=1VeL-8iOOlVfYLiHOBnm-tZOeNJbFy3zf&sz=w1600,https://drive.google.com/thumbnail?id=1JMT7ext5Ia_xn0OnaoCnDt2HusWKTn9g&sz=w1600,https://i.ibb.co/bRr8JwnL/1baa6b3a39dc.jpg,https://i.ibb.co/bgcC9TRC/a7f873c3049b.jpg,https://drive.google.com/thumbnail?id=1etYy5ZiUq74oGekFXpivTrS2zjUlgTCq&sz=w1600,https://drive.google.com/thumbnail?id=1PYQDNHOTOhqzDADctI3ldMYRCYoN0bN3&sz=w1600",iINTELLIGENCEi,home
PROD-IINTELLIGENCEI-545937,"iINTELLIGENCEi Coir Rope 21.6 ft 126 gm, Natural Coconut Fibre Twine, Eco-Friendly Biodegradable Handmade Garden Rope for Plant Support, Landscaping, Craft, Home Decor, Sustainable Braided Cord","Elevate your garden and craft projects with this premium coir rope, meticulously spun from natural coconut fibre to deliver rustic elegance and dependable strength. Each 21.6 ft length weighs 126 gm, offering a luxurious, hand-braided cord that feels authentic to the touch while performing beautifully across countless indoor and outdoor tasks. Crafted from 100 percent coconut husk fibre, this natural rope is fully biodegradable and eco-friendly, making it the sustainable choice for conscious gardeners, decorators and artisans. The tightly twisted strands resist fraying and hold knots securely, giving you a reliable coconut fibre rope that endures moisture, sunlight and everyday handling with graceful durability. Versatile in every setting, this garden rope excels at plant support, staking climbers, tying trellises, bundling stems and training vines. Interior designers, DIY enthusiasts and craft lovers cherish it for macrame, wall hangings, cat scratching posts, gift wrapping, nautical decor and rustic wedding styling, where its warm golden-brown tone adds a premium organic finish. Built for landscaping and heavy garden duty, this coir twine handles fencing, edging, packaging and general utility tying with ease. The natural coarse texture grips firmly, ensuring secure fastening whether you are supporting saplings, hanging planters or assembling decorative installations that demand a natural fibre cord of genuine character. Thoughtfully sized for convenient storage and use, each neatly coiled bundle measures 31 x 11 x 8 cm and weighs 500 g packaged, keeping your workspace tidy and travel-ready. Simply store in a cool, dry place away from prolonged damp to preserve the fibre and extend the life of your rope. Ideal for home gardeners, professional landscapers, craft artists and eco-minded households across India, this handmade coconut rope blends sustainability, strength and timeless natural beauty in one dependable roll. VERSATILE GARDEN USE: Perfect for plant support, staking climbers, trellis tying, macrame, wall hangings, gift wrapping and rustic decor, this natural coir rope adapts to endless indoor and outdoor projects. • PREMIUM COCONUT FIBRE: Spun from 100 percent natural coconut husk fibre, this eco-friendly rope is fully biodegradable, moisture resistant and sustainably crafted for conscious gardeners and artisans. • HANDMADE BRAIDED DESIGN: The tightly twisted strands and warm golden-brown tone deliver a luxurious rustic finish that grips firmly, holds knots securely and resists fraying during daily handling. • DURABLE NATURAL STRENGTH: Engineered to endure sunlight, damp and repeated use, this coconut fibre twine offers dependable longevity for landscaping, fencing, edging and heavy garden tying tasks. • CONVENIENT SIZE WEIGHT: Each coiled bundle spans 21.6 ft at 126 gm, measures 31 x 11 x 8 cm and weighs 500 g packaged, keeping storage neat and travel ready.",in stock,new,974.00 INR,250.00 INR,https://www.indiabusinessinternational.online/p/coir-rope-21-6-ft-126-gm-natural-coconut-fibre-twine-eco-friendly-biodegradable/,https://drive.google.com/thumbnail?id=1yQREvDl8FwklTyS3A8hf6OAA1BzF1fj1&sz=w1600,"https://drive.google.com/thumbnail?id=1xOPudYvR0dTB58KTer6rwXoXdSd5nBq2&sz=w1600,https://drive.google.com/thumbnail?id=1SITAWTfKG5dT24-uHaVBJIossUunoecF&sz=w1600,https://drive.google.com/thumbnail?id=1qf8sKYeOJzuvroXvOPuyKxxAavx9b1Fc&sz=w1600,https://drive.google.com/thumbnail?id=1-8pPKg7eCoNOPkzMZG90uFlOEwEshDrA&sz=w1600,https://drive.google.com/thumbnail?id=1H2X6yltx0sbwttPR6Pag69N5oeLl7MHQ&sz=w1600,https://drive.google.com/thumbnail?id=1J1AnwtiHL32ofW9DiUSjnDR67rFf7sUd&sz=w1600,https://drive.google.com/thumbnail?id=1JaHw0Im_nTRcgS0E7Zw5qUOnLwlrK8tA&sz=w1600,https://drive.google.com/thumbnail?id=1fjtG_17K2VV3EZxwhQiK1zDECAvtzDUz&sz=w1600",iINTELLIGENCEi,home-garden
PROD-IINTELLIGENCEI-446060,"iINTELLIGENCEi Clay Pongal Pot Paanai, 2.5 Litre Handmade Terracotta Earthen Cooking Pot with Lid, 22x22x22 cm, Traditional South Indian Thai Pongal Festival Paanai for Cooking Rice, Milk & Sakkarai","Celebrate the harvest season with the iINTELLIGENCEi Clay Pongal Pot Paanai, a handcrafted earthen cooking vessel shaped by skilled village potters to honour the timeless traditions of Thai Pongal. This authentic terracotta Pongal pot brings the rustic charm and pure flavour of ancestral South Indian kitchens straight to your festive celebrations, weddings and daily cooking rituals. Moulded from natural river clay and kiln-fired to a warm reddish-brown finish, this earthen Pongal paanai is free from harmful chemicals, glazes and coatings. The porous clay walls circulate gentle heat evenly, allowing sweet sakkarai Pongal, ven Pongal, rice, milk, kheer and curries to simmer slowly while retaining essential minerals and that unmistakable earthy aroma no metal pot can replicate. Designed with a wide mouth and rounded belly, this traditional Pongal cooking pot lets milk rise and overflow beautifully during the auspicious boiling ceremony, a joyous symbol of prosperity and abundance. The matching clay lid keeps flavours sealed in, while the sturdy handmade body sits securely over firewood, gas or induction-safe stands. Specifications: this clay paanai measures 22 x 22 x 22 cm and weighs a substantial 1600 g, offering a generous 2.5 litre capacity ideal for family portions. Each pot is individually handmade, so subtle variations in tone and texture make your piece uniquely yours. Care is simple: season the pot before first use by soaking in water overnight, wash with mild soap or rice water, sun-dry fully and store in a cool dry place. This eco-friendly, biodegradable terracotta cookware suits Pongal festival rituals, temple offerings, gifting hampers and everyday healthy earthen cooking. Bring home heritage, health and authentic taste with this premium village clay pot crafted for generations to cherish. AUTHENTIC PONGAL COOKING: Perfect for boiling festive Pongal, milk, rice, kheer, sakkarai and ven Pongal, this earthen paanai suits Thai Pongal rituals, temple offerings and everyday slow cooking. • NATURAL RIVER CLAY: Crafted from pure kiln-fired terracotta with no chemicals or glaze, this handmade pot enriches food with minerals and an earthy aroma while retaining nutrients during gentle cooking. • TRADITIONAL WIDE-MOUTH DESIGN: The rounded belly and open mouth let milk rise and overflow for the auspicious Pongal ceremony, while the matching clay lid seals in authentic flavour and warmth. • HANDCRAFTED DURABLE BUILD: Shaped by skilled village potters and firewood-fired for strength, this rustic earthenware pot withstands open flame, firewood stoves and everyday festive cooking. • GENEROUS 2.5 LITRE SIZE: Measuring 22 x 22 x 22 cm and weighing 1600 g, this spacious clay Pongal paanai serves family portions and makes a thoughtful eco-friendly festival gift.",in stock,new,1319.00 INR,879.00 INR,https://www.indiabusinessinternational.online/p/clay-pongal-pot-paanai-2-5-litre-handmade-terracotta-earthen-cooking-pot-with/,https://drive.google.com/thumbnail?id=1VQvuyqxT2w8rHX4rF9MDk-hzImy52ieE&sz=w1600,"https://drive.google.com/thumbnail?id=1KfYku6sFSs_WnDphU1NPRMcusQVc_RYd&sz=w1600,https://drive.google.com/thumbnail?id=18h705UA0TInFWfwX792D46hAc1gYAGVt&sz=w1600,https://drive.google.com/thumbnail?id=1YKFuj9jMNHS55LturiL2IIJjXZo0FSN8&sz=w1600,https://drive.google.com/thumbnail?id=1RLuYXZ78w-L-Sr05MGUMKBFNl1__R_2G&sz=w1600,https://drive.google.com/thumbnail?id=1Z-je1hqC1x52183F_C2wV_P48mx2d7_e&sz=w1600,https://drive.google.com/thumbnail?id=1xij9gc2Z_xUED93e1rsLFyATypO5Qi58&sz=w1600,https://drive.google.com/thumbnail?id=12SJus1TRtXtkQ35TamnifTxpY00-Tncc&sz=w1600,https://drive.google.com/thumbnail?id=1Q7-qE9dgUR7vWtz_EvMsLodAHhRYVQ1c&sz=w1600",iINTELLIGENCEi,home
PROD-IINTELLIGENCEI-271972,"iINTELLIGENCEi Clay Sambrani Holder with Handle, Handmade Terracotta Dhoop Burner for Pooja, Earthen Incense Cup, Traditional Sambrani Dhoopdani, 19x15x7 cm, 646 g, 1 Qty for Temple Home Decor","Elevate your daily pooja rituals with this exquisitely handcrafted iINTELLIGENCEi Clay Sambrani Holder, a premium terracotta dhoop burner that blends timeless Indian tradition with refined artisanal beauty. Shaped by skilled artisans from natural earthen clay, this sambrani cup carries the warm, rustic charm that transforms any prayer space, home mandir or temple corner into a soulful sanctuary of fragrance and devotion. Designed with a comfortable curved handle, this dhoop holder lets you carry glowing sambrani, loban or dhoop safely from room to room without discomfort. The generous open bowl holds burning charcoal, camphor, guggul and incense resin securely, allowing aromatic smoke to diffuse evenly and purify your surroundings during aarti, meditation, yoga and festive celebrations. Crafted entirely from eco-friendly natural clay, this earthen burner is completely toxin-free and chemical-free, making it a safe and sustainable choice for conscious households. The heat-resistant terracotta body withstands hot embers gracefully, while its earthy reddish-brown finish adds an authentic handmade character to every piece. This sambrani dhoopdani measures 19 x 15 x 7 cm and weighs a substantial 646 g, offering a sturdy, well-balanced form that sits firmly on any surface. Compact yet spacious, it suits daily worship, Diwali, Navratri, housewarming poojas, temple offerings and thoughtful spiritual gifting. Ideal for devotees, yoga practitioners, aromatherapy lovers and anyone seeking traditional pooja accessories, this handmade clay incense holder enhances fragrance diffusion beautifully. To care for it, simply empty the ash once cool and wipe with a dry cloth, keeping your terracotta holder ready for the next sacred moment of prayer and peace. TRADITIONAL POOJA ESSENTIAL: This clay sambrani holder is ideal for burning dhoop, loban, guggul, camphor and incense during daily aarti, meditation, festivals and temple worship across Indian homes. • NATURAL EARTHEN CLAY: Handcrafted from eco-friendly terracotta, this dhoop burner is toxin-free and chemical-free, offering a safe, sustainable and authentic choice for conscious devotees and pooja rituals. • ERGONOMIC HANDLE DESIGN: A comfortable curved handle lets you carry glowing sambrani safely between rooms, while the open bowl diffuses fragrant smoke evenly for a calming, purified atmosphere. • HEAT RESISTANT BUILD: The sturdy handmade earthen body withstands hot embers and charcoal gracefully, delivering reliable durability and lasting performance for regular spiritual and festive use. • GENEROUS SPECIFICATIONS: Measuring 19 x 15 x 7 cm and weighing 646 g, this terracotta sambrani cup stays firm and balanced on any surface, perfect for home mandirs, temples and gifting.",in stock,new,434.00 INR,289.00 INR,https://www.indiabusinessinternational.online/p/clay-sambrani-holder-with-handle-handmade-terracotta-dhoop-burner-for-pooja/,https://drive.google.com/thumbnail?id=12bWLHvw_7bSPpViD4Jo4DoZTxEe00C6o&sz=w1600,"https://drive.google.com/thumbnail?id=1UXDMC9ntDABBGqvvjiUyxTQeIMN34on4&sz=w1600,https://drive.google.com/thumbnail?id=1vk2W_6HGjCSGK35hqKZKqvN6DCNv4Vlf&sz=w1600,https://drive.google.com/thumbnail?id=1xgM0zGzKHmbASRyvjv93YQ9nkAUJOdqf&sz=w1600,https://drive.google.com/thumbnail?id=1EgJqpufOeWjnz0-ooWN0LYHfQRQIqg9L&sz=w1600,https://drive.google.com/thumbnail?id=1dWq3EDQ09xzjMtS92NuVu7M3XjYhHgAP&sz=w1600,https://drive.google.com/thumbnail?id=16u9yY4hv4ER3PzP8adXCRSPWVwtJwNsa&sz=w1600,https://drive.google.com/thumbnail?id=1RcDP79lFEl6baShb_jKIBRHZfcZPQuKD&sz=w1600,https://drive.google.com/thumbnail?id=1DEQ2RdDAOPP-xkLb5FWxJ1zQat_crInN&sz=w1600",iINTELLIGENCEi,home-pooja
PROD-IINTELLIGENCEI-626273,"iINTELLIGENCEi Coconut Shell Spatula Set, Handmade Coconut Wood Cooking Spoon, Eco-Friendly Wooden Turner Ladle for Non-Stick Cookware, Natural Kitchen Utensil","Elevate your culinary space with the iINTELLIGENCEi Coconut Shell Spatula, a luxuriously handcrafted cooking spoon that blends timeless artisan tradition with everyday functionality. Sculpted from genuine coconut shell and coconut wood, each piece showcases rich caramel tones and unique natural grain, making this wooden spatula a premium statement in any modern or rustic Indian kitchen. Designed as a versatile kitchen utensil, this natural cooking spoon excels at stirring curries, sautéing vegetables, flipping dosas, folding batters, serving rice and mixing sauces. The gently scooped coconut shell bowl doubles as a serving ladle, while the smooth elongated handle offers a confident, balanced grip for effortless stirring, turning and tasting during long cooking sessions. Crafted entirely from sustainable coconut, this eco-friendly kitchen tool is completely biodegradable, chemical-free and food-safe. The naturally non-abrasive surface protects your non-stick cookware, ceramic pans, stainless steel pots and enamel bakeware from unsightly scratches, unlike harsh metal turners that damage delicate coatings over time. Each handmade spatula is individually finished by skilled artisans, so subtle variations in colour, shape and texture make your set truly one of a kind. Heat resistant and remarkably lightweight, this wooden turner stays cool to the touch and will not react with acidic foods, preserving the authentic flavour of your dishes. The set measures 22 x 15 x 9 cm and weighs 1021 g, offering a substantial yet comfortable feel that suits daily home cooking, gifting and premium kitchenware collections. Available in convenient packs of 2, 4 and 6, these coconut shell kitchen accessories make thoughtful housewarming and festive presents. Care is simple: hand wash with mild soap, rinse and air dry, then occasionally rub with food-grade oil to maintain the lustrous natural sheen for years of reliable, elegant use. VERSATILE KITCHEN UTENSIL: Ideal for stirring curries, flipping dosas, sautéing vegetables and serving rice, this coconut shell spatula works as a cooking spoon, turner and serving ladle in one. • NATURAL COCONUT WOOD: Handcrafted from genuine coconut shell and wood, this eco-friendly kitchen tool is chemical-free, food-safe, biodegradable and gently non-abrasive on all cookware surfaces. • ERGONOMIC HANDMADE DESIGN: The smooth elongated handle and scooped bowl deliver a balanced, comfortable grip, while each artisan finished piece features unique natural grain and warm caramel tones. • DURABLE HEAT RESISTANT BUILD: Solidly constructed and heat resistant, this wooden turner stays cool to touch, resists warping and protects non-stick, ceramic and stainless steel pans for lasting daily use. • PREMIUM SIZE AND WEIGHT: The set measures 22 x 15 x 9 cm and weighs 1021 g, offering a substantial, well-balanced feel perfect for everyday cooking, gifting and elegant kitchenware collections.",in stock,new,899.00 INR,399.00 INR,https://www.indiabusinessinternational.online/p/coconut-shell-spatula-set-handmade-coconut-wood-cooking-spoon-eco-friendly/,https://drive.google.com/thumbnail?id=1QKxFeCJ29ePcWj2fQHTIg9bu8GUGYGr1&sz=w1600,"https://drive.google.com/thumbnail?id=1txIUuONqavGVFu5Iahl7rXl-lSKhyhgl&sz=w1600,https://drive.google.com/thumbnail?id=1kgiH0kR68XPMCo2CThMTSGMIkwHj7Taw&sz=w1600,https://drive.google.com/thumbnail?id=1gYKG1bPfMTVpYTD-5C0Jnd4N56IAJjwp&sz=w1600,https://drive.google.com/thumbnail?id=1VBpQ1Ry_zBHiBjrjClAHd4GU_7xn0Mmf&sz=w1600,https://drive.google.com/thumbnail?id=1BcpTap2KgUr-fmyD2a-Mtr_huxSfNW-4&sz=w1600,https://drive.google.com/thumbnail?id=1hIq6k2m56agUcoNgEs9vo8dpsZAbHjUw&sz=w1600,https://drive.google.com/thumbnail?id=1vlDQYOeZ3N6Tesnhb_gZs0_r2eK4E8Oo&sz=w1600,https://drive.google.com/thumbnail?id=1PQ82jcNh8lurgK8WFjcPTLoh3Ar8HwZQ&sz=w1600",iINTELLIGENCEi,home
PROD-IINTELLIGENCEI-405202,"iINTELLIGENCEi Stainless Steel Oil Jug with Lid, 15.5x11.5x15 cm, Leak Proof Cooking Oil Dispenser, Food Grade Steel Oil Container Pot, Kitchen Oil Pourer Can for Home Storage and Serving","Elevate your kitchen essentials with the iINTELLIGENCEi Stainless Steel Oil Jug, a premium oil dispenser crafted to combine timeless elegance with everyday practicality. Featuring a mirror-polished finish and a secure fitted lid, this steel oil container keeps your cooking oil fresh, dust-free and ready to pour at a moment's notice. Designed as a versatile kitchen oil jug, this stainless steel oil pot is ideal for storing and serving cooking oil, ghee, and other liquid essentials. The ergonomic handle offers a comfortable, confident grip, while the smooth pouring edge ensures a clean, drip-free flow every time you cook, fry or drizzle. Its leak proof construction makes it a dependable oil keeper for busy Indian kitchens. Built from durable food grade stainless steel, this oil storage container resists rust, corrosion and odours, preserving the purity and flavour of your cooking oil. The heavy-duty body withstands daily handling, while the reflective steel surface adds a modern, luxurious touch to any countertop, dining table or kitchen shelf. Measuring a compact 15.5 x 11.5 x 15 cm and weighing just 241 g, this oil pouring jug is lightweight yet sturdy, easy to lift and effortless to store. The generous capacity suits regular household use, catering, and multipurpose serving needs, making it a truly durable steel oil jug for every home. Cleaning is simple; rinse with warm water and mild dish soap, then wipe dry with a soft cloth to maintain the brilliant shine. This stainless steel oil dispenser with lid is a smart, hygienic upgrade over plastic bottles and glass jars. Perfect for home cooks, professional chefs and gifting alike, this modern oil dispenser blends form and function beautifully. Whether used as an oil serving jug, cooking oil storage jug or elegant kitchen accessory, it delivers reliable performance and premium style day after day. VERSATILE KITCHEN USE: This stainless steel oil jug stores and serves cooking oil, ghee and liquid essentials with ease, ideal for home kitchens, catering and multipurpose everyday dispensing needs. • FOOD GRADE STEEL: Crafted from premium food grade stainless steel, this oil container resists rust, corrosion and odours, keeping your cooking oil fresh, pure and flavourful for longer periods. • EASY POUR DESIGN: The ergonomic handle and smooth spout deliver a comfortable grip and clean, drip-free pouring, while the fitted lid keeps oil dust-free and hygienically sealed. • DURABLE LEAK PROOF BUILD: The sturdy leak proof body withstands daily handling and heavy kitchen use, offering long-lasting durability with a brilliant mirror-polished finish that resists wear. • COMPACT LIGHTWEIGHT SIZE: Measuring 15.5 x 11.5 x 15 cm and weighing only 241 g, this oil dispenser is easy to lift, pour and store neatly on countertops, shelves or dining tables.",in stock,new,657.00 INR,438.00 INR,https://www.indiabusinessinternational.online/p/stainless-steel-oil-jug-with-lid-15-5x11-5x15-cm-leak-proof-cooking-oil/,https://drive.google.com/thumbnail?id=1DSYwrOTrceHd2wIm2mCfuub7QOQMwlpV&sz=w1600,https://drive.google.com/thumbnail?id=152ToRjDYT9s964K3PArsMQ40pSs0JwoP&sz=w1600,iINTELLIGENCEi,home
PROD-IINTELLIGENCEI-457154,"iINTELLIGENCEi Stainless Steel Kalash Pot 350 ml, Traditional Pooja Kalash Vessel for Diwali, Wedding, Griha Pravesh, Lakshmi Puja, Rust Resistant Food Grade Sacred Temple Holy Water Pot 8.5 cm","Elevate every sacred ritual with the iINTELLIGENCEi Stainless Steel Kalash Pot, a luxuriously crafted Pooja Kalash designed to grace your home temple, festivals and auspicious ceremonies with timeless elegance. This premium Steel Kalash Pot blends traditional form with modern durability, offering a mirror-polished finish that reflects light beautifully during aarti and puja. Expertly shaped from food grade stainless steel, this Sacred Kalash resists rust, corrosion and tarnishing, ensuring it stays pristine through years of daily worship. The rounded body and flared rim hold mango leaves, coconut, marigold and water gracefully, making it the perfect Temple Kalash for Lakshmi Pooja, Ganesh Puja, Navratri and Satyanarayan vratam. Whether you are performing Griha Pravesh, celebrating Diwali, arranging a Wedding Kalash or setting up a festival mandap, this Stainless Steel Pooja Kalash brings sanctity and grandeur to the occasion. Its versatile size suits both intimate home altars and larger community rituals, serving as a Holy Pot, Kalash Vessel and decorative accent. Measuring a compact 8.5 x 8.5 x 8.5 cm with a 350 ml capacity and weighing just 118 g, this lightweight Ritual Pot is easy to handle, carry and store. The smooth, seamless construction makes cleaning effortless, while the durable stainless steel body withstands regular use without denting or fading. Ideal for devotees, priests, newlyweds and families seeking authentic Indian Pooja accessories, this Traditional Kalash Pot is a thoughtful gift for housewarmings, weddings and festive celebrations. Simply rinse with mild soap, wipe dry and store to maintain its lustrous shine for generations of devotion. Bring home the perfect blend of purity, tradition and premium craftsmanship with this exquisite Stainless Steel Religious Vessel that honours every prayer with grace. VERSATILE POOJA USE: Perfect for Diwali, Lakshmi Puja, Ganesh Puja, Navratri, Griha Pravesh, weddings and daily temple worship, this sacred Kalash holds water, coconut and mango leaves with grace. • FOOD GRADE STEEL: Crafted from premium food grade stainless steel, this holy pot resists rust, corrosion and tarnishing, keeping its mirror shine bright through years of devotion and regular ritual use. • ELEGANT SACRED DESIGN: The mirror-polished body and flared rim create a luxurious traditional silhouette that beautifully cradles flowers, leaves and offerings during aarti and puja ceremonies. • DURABLE SEAMLESS BUILD: Sturdy seamless construction withstands daily worship without denting, fading or leaking, offering long-lasting reliability for home altars and community temple rituals. • COMPACT LIGHTWEIGHT SIZE: Measuring 8.5 x 8.5 x 8.5 cm with 350 ml capacity and weighing just 118 g, this lightweight vessel is easy to carry, clean and store on any pooja shelf.",in stock,new,698.00 INR,465.00 INR,https://www.indiabusinessinternational.online/p/stainless-steel-kalash-pot-350-ml-traditional-pooja-kalash-vessel-for-diwali/,https://drive.google.com/thumbnail?id=1aaDFMIrtWQ3fkjz9RQDl-LoB4U_lFUh_&sz=w1600,"https://drive.google.com/thumbnail?id=1Uo7J6dvf4PId0jdkKHxE_rzUWXCyS8-o&sz=w1600,https://drive.google.com/thumbnail?id=1PjTWvWeIYea2AXPA3ZCd2AGSOuGlJMqb&sz=w1600,https://drive.google.com/thumbnail?id=1NpSaBcpeM-QQPI3OoxH2S5Icak8_ip_9&sz=w1600,https://drive.google.com/thumbnail?id=1XOLCst9DDrTk7AXyikhkIwWZgq6oGWhB&sz=w1600,https://drive.google.com/thumbnail?id=1hWnEhDIiZJkke7uGAdQ_dmLsptiDrdDM&sz=w1600,https://drive.google.com/thumbnail?id=1JAPjmCHb64vnjArVNLq_aYO_cQc-WEWR&sz=w1600,https://drive.google.com/thumbnail?id=1JXckV-lfl6_q627tfN83oohGXtyI8-w6&sz=w1600,https://drive.google.com/thumbnail?id=1lPa5NIxu32ycDlN9--eXuxP8mqW3HhNr&sz=w1600",iINTELLIGENCEi,home
PROD-IINTELLIGENCEI-797204,"iINTELLIGENCEi Wooden Half Stool 25x25x25 cm, Solid Wood Multipurpose Utility Stool, Handmade Natural Wood Sitting Foot Stool for Living Room, Bedroom, Kitchen, Compact Low Side Table Bench","Elevate your living space with the iINTELLIGENCEi Wooden Half Stool, a beautifully crafted solid wood utility stool that blends timeless craftsmanship with everyday practicality. Designed and finished to premium standards, this compact wooden stool brings warm natural wood tones to any room, making it a versatile addition to modern and traditional Indian homes alike. This multipurpose wooden stool serves countless roles throughout the day. Use it as a small side table beside your sofa for a coffee mug, books and spectacles, as a comfortable low sitting stool, as a supportive foot rest, or as a sturdy step stool to reach high shelves. Its neat square silhouette also works beautifully as a plant stand or display platform for decor, baskets and flower arrangements. Expertly built from solid wood, the frame delivers heavy duty strength and long lasting durability. The smooth, richly grained surface is sealed with a warm natural finish that resists everyday wear, while the four thick tapered legs provide a stable, wobble-free base capable of supporting real daily use across living room, bedroom, bathroom and kitchen. The considered ergonomics make this compact wooden stool a pleasure to own. Rounded edges, a flat seating platform and a low, easy-to-manoeuvre profile make it comfortable for children and adults, and light enough to shift effortlessly between rooms whenever your space needs change. Measuring a compact 25 x 25 x 25 cm and weighing just 1235 g, this small wooden stool fits neatly into tight corners, under consoles or beside beds without crowding your floor. Wipe clean with a soft dry cloth to preserve the finish. Eco friendly, handmade and built to last, the iINTELLIGENCEi solid wood stool is ideal for families seeking premium rustic furniture that combines strength, style and versatility for indoor living every single day. MULTIPURPOSE UTILITY STOOL: Works as a side table, low sitting stool, foot rest, plant stand and step stool for living room, bedroom, kitchen and bathroom, adapting to countless everyday indoor needs. • SOLID WOOD BUILD: Crafted from premium solid wood with a smooth grain and warm natural finish, this heavy duty stool resists daily wear and delivers dependable strength for real household use. • SMART ERGONOMIC DESIGN: Rounded edges, a flat seating platform and a compact low profile make this handmade wooden stool comfortable, easy to clean and simple to manoeuvre between rooms. • DURABLE STABLE FRAME: Four thick tapered legs form a sturdy wobble-free base that supports weight securely, ensuring long lasting durability for busy Indian family homes over many years. • COMPACT SPACE SAVER: Measuring a neat 25 x 25 x 25 cm and weighing only 1235 g, this small wooden stool fits tight corners, slides under consoles and stays light enough to carry anywhere.",in stock,new,2714.00 INR,1809.00 INR,https://www.indiabusinessinternational.online/p/wooden-half-stool-25x25x25-cm-solid-wood-multipurpose-utility-stool-handmade/,https://drive.google.com/thumbnail?id=17DX1KHmD6Lk5xMuDZD1N4ZDjomfcxFNI&sz=w1600,"https://drive.google.com/thumbnail?id=1n6mXZZ4ONfVOfWJZi3DG7YrUP5tVcUTa&sz=w1600,https://drive.google.com/thumbnail?id=1U0djvuWykA8sNkpHUU31DaoUuT-lSUw1&sz=w1600,https://drive.google.com/thumbnail?id=1yeAjUfdj3lwiA0k5Et2-dnRsmiH4mJeA&sz=w1600,https://drive.google.com/thumbnail?id=1-K_z4QdE6tXYg_47JsP5khW0hY9V9zwz&sz=w1600,https://drive.google.com/thumbnail?id=1Y2aGRM1T8WhSBk95WST2V3qYL4tMu0n9&sz=w1600,https://drive.google.com/thumbnail?id=1_X_PdO-Okgb_sNoQVqu0PCv36X19VMkM&sz=w1600,https://drive.google.com/thumbnail?id=1NWgc0KuutNo-iSLoHtbj-DYA9k-Apa8F&sz=w1600,https://drive.google.com/thumbnail?id=1uFF6mGir3pe8PQASU37xNFdFerDds4H0&sz=w1600",iINTELLIGENCEi,home
PROD-IINTELLIGENCEI-819228,"iINTELLIGENCEi Raw Unpolished Coconut Shell Half Cups, 10x10x6.5 cm, 50 gm, Natural Eco-Friendly Craft Material for DIY Home Garden Decor, Bird Feeder, Handmade Sustainable Crafts","Discover the refined natural beauty of iINTELLIGENCEi Raw Unpolished Coconut Shell, a premium eco-friendly craft material sourced from the coconut heartlands of South India. Each authentic coconut shell half cup retains its rustic fibrous texture and rich earthy brown tones, making it a luxurious yet sustainable choice for artisans, decorators and eco-conscious hobbyists. Crafted entirely from genuine mature coconuts, these raw coconut shell pieces are completely natural, biodegradable and free from artificial coatings. The unpolished surface celebrates the organic grain and coir fibres of the shell, delivering an earthy aesthetic that elevates handmade crafts, rustic tablescapes and boho-inspired interiors with effortless charm. Endlessly versatile, this coconut shell serves as a wonderful DIY craft material for candle holders, tealight cups, planters, succulent bowls, macrame accents, resin art, decoupage projects and school craft activities. Nature lovers can transform each shell into a charming garden decor accent or a rustic bird feeder that welcomes sparrows, sunbirds and squirrels to your balcony or backyard. Engineered by nature and finished with care, the sturdy shell walls offer dependable strength for repeated crafting and outdoor use. Measuring 10 x 10 x 6.5 cm and weighing just 50 gm, each shell is lightweight, easy to handle and simple to cut, drill, paint or varnish to suit your creative vision. Caring for your coconut shell is effortless: wipe clean with a dry cloth, rinse briefly if used outdoors, and allow to air dry fully to preserve its natural integrity. Store in a cool, dry space away from prolonged moisture for lasting beauty. Thoughtfully suited to craft enthusiasts, gardeners, teachers, resin artists, home decorators and sustainable-living devotees, this natural coconut shell blends premium rustic appeal with dependable everyday utility for countless eco-friendly projects. VERSATILE CRAFT MATERIAL: Ideal for DIY candle holders, tealight cups, planters, bird feeders, resin art and garden decor, this natural coconut shell suits countless handmade and eco-friendly projects. • GENUINE NATURAL SHELL: Made from mature coconuts with an authentic fibrous grain, this raw unpolished shell is biodegradable, sustainable and free from artificial coatings or harmful chemicals. • RUSTIC EARTHY DESIGN: The unpolished coir-textured surface and warm brown tones bring a luxurious boho charm to home decor, tablescapes and handcrafted gifts with effortless natural appeal. • STURDY DURABLE WALLS: Robust shell construction withstands cutting, drilling, painting and outdoor use, delivering reliable strength for repeated crafting and lasting garden accents. • LIGHTWEIGHT COMPACT SIZE: Each shell measures 10 x 10 x 6.5 cm and weighs a handy 50 gm, making it easy to handle, decorate, hang and store for versatile creative use.",in stock,new,1499.00 INR,599.00 INR,https://www.indiabusinessinternational.online/p/raw-unpolished-coconut-shell-half-cups-10x10x6-5-cm-50-gm-natural-eco-friendly/,https://drive.google.com/thumbnail?id=1wz72CcDid8YkH71YsnURIsnCYSwt2On9&sz=w1600,"https://drive.google.com/thumbnail?id=1na6OcYVY5UReG4u8nAKC_4cWJ3MyOW6h&sz=w1600,https://drive.google.com/thumbnail?id=1pUHYzZssY6hCqlePYGrYaLNi8Vmj_-LX&sz=w1600,https://drive.google.com/thumbnail?id=12qb-4tdhxVkNuNt96uuRGpD89VkJT1E8&sz=w1600,https://drive.google.com/thumbnail?id=1JlNaDKqjen7AczDchLMT5JH2v2UeE08v&sz=w1600,https://drive.google.com/thumbnail?id=1sirVyHl--LFQMFibY4OG1Ih3Xe9AvqPX&sz=w1600,https://drive.google.com/thumbnail?id=1qyUVD8RJ6Sz9NjwjPEkkTYoTY6c073i8&sz=w1600,https://drive.google.com/thumbnail?id=1rwaK7CeaX5sCJhQA8OWJxjnjpehQTQGu&sz=w1600,https://drive.google.com/thumbnail?id=1_JwRQ4KnGAox-ZGfkjAXB8HdbLjkFHCx&sz=w1600",iINTELLIGENCEi,home-garden
PROD-IINTELLIGENCEI-529201,"iINTELLIGENCEi Hand Garden Cultivator with Wooden Handle, 5 Prong Steel Rake Cultivator Tool for Soil Loosening, Weeding, Aerating, Rust Resistant Manual Gardening Hand Tool, 37.5x12x4 cm","Elevate your gardening ritual with the iINTELLIGENCEi Hand Garden Cultivator, a premium manual soil loosening tool crafted for discerning home gardeners, hobbyists and horticulture enthusiasts across India. Blending a warm natural wooden handle with sturdy powder-coated steel prongs, this hand cultivator tool brings understated luxury and dependable performance to every raised bed, planter and kitchen garden. The curved multi-prong design glides effortlessly through compacted earth, making light work of soil aeration, weeding, raking and turning. Whether preparing flower beds, loosening topsoil around delicate seedlings or clearing stubborn weeds between vegetables, this garden hand cultivator delivers precise control and satisfying results with minimal effort. The smooth, contoured wooden grip is ergonomically shaped to sit comfortably in the palm, reducing wrist fatigue during extended gardening sessions. A brass ferrule reinforces the join between handle and tines, ensuring the head stays securely fixed even under firm pressure in dense soil. Built for longevity, the rust resistant steel tines withstand moisture, monsoon humidity and repeated outdoor use, retaining their sharp working edge season after season. This heavy duty garden cultivator is engineered to remain a trusted companion in your gardening toolkit for years. Compact and lightweight, this soil cultivator measures 37.5 x 12 x 4 cm and weighs just 453 g, making it easy to manoeuvre, hang on a hook or store neatly in a shed or drawer. Wipe clean after use and dry thoroughly to preserve the wooden handle and metal prongs. Ideal for balcony gardeners, terrace growers, lawn keepers and professional landscapers alike, this ergonomic wooden handle cultivator is a thoughtful gift and an everyday essential. Bring effortless elegance and reliable function to your outdoor gardening equipment collection with this durable hand rake cultivator. VERSATILE GARDEN USE: This hand cultivator excels at soil loosening, weeding, raking, aerating and turning earth in flower beds, planters, kitchen gardens, lawns and terrace pots for effortless everyday gardening. • PREMIUM STEEL BUILD: Crafted from rust resistant powder-coated steel prongs paired with a natural wooden handle and reinforcing brass ferrule, delivering heavy duty strength and lasting reliability in all seasons. • ERGONOMIC WOODEN GRIP: The smooth contoured wooden handle sits comfortably in the palm, reducing wrist strain and giving confident control during extended soil loosening and weeding sessions. • DURABLE LONG LASTING: Sturdy curved tines resist bending, corrosion and monsoon moisture, keeping this manual garden cultivator dependable and sharp through years of demanding outdoor gardening use. • COMPACT LIGHT DESIGN: Measuring 37.5 x 12 x 4 cm and weighing only 453 g, this hand rake cultivator is easy to manoeuvre, hang or store neatly in any garden shed or toolbox.",in stock,new,749.00 INR,499.00 INR,https://www.indiabusinessinternational.online/p/hand-garden-cultivator-with-wooden-handle-5-prong-steel-rake-cultivator-tool/,https://drive.google.com/thumbnail?id=1ikuxEMpTq7XxDNlnW-wcTanE19NdMVJF&sz=w1600,"https://drive.google.com/thumbnail?id=1Vljh--_IfiZh8m_vyPnhhPuf3oiI42er&sz=w1600,https://drive.google.com/thumbnail?id=1qqyVaNYfD5C0bslv4K6IJD7NDmVNaqw2&sz=w1600,https://drive.google.com/thumbnail?id=1R8jpUn2dCItvbrC7wondCKnyu1HbuqZ8&sz=w1600,https://drive.google.com/thumbnail?id=1XITRTui5qmLOY22Onhh-LhtOb34B-MS6&sz=w1600,https://drive.google.com/thumbnail?id=1rUhltcOE4B5sLoLwsX-z9zwGTaz8-Wce&sz=w1600,https://drive.google.com/thumbnail?id=11F9NOtOyuyP9sEuVUbwJ8z0i3wV2T2CY&sz=w1600,https://drive.google.com/thumbnail?id=1C8m25Ej0KK1gbIp9Z50ofRtSHoDGMM4c&sz=w1600,https://drive.google.com/thumbnail?id=1BlwsHDpoRpuOpq-84CTd_EB1WlfAtXfS&sz=w1600",iINTELLIGENCEi,home-garden
PROD-IINTELLIGENCEI-103330,"iINTELLIGENCEi Chappal Stitching Tool Cobbler Awl, Premium Wooden Handle Leather Sewing Awl, Stainless Steel Tip Shoe Sole Repair Tool for Footwear Chappal Leather Craft, 13.5 cm","Elevate every repair task with the iINTELLIGENCEi Chappal Stitching Tool and Cobbler Awl, a beautifully crafted leather sewing awl designed for artisans, cobblers and dedicated DIY enthusiasts across India. Combining a warm natural wooden handle with a precision stainless steel tip, this premium shoe repair tool brings professional cobbler performance into your own home workshop. The tapered stainless steel point pierces cleanly through leather, canvas, rubber soles and thick fabric, making it the ideal chappal repair tool for stitching sandals, shoes, boots, belts, bags and saddlery. Whether restoring a favourite pair of chappals or crafting handmade leather goods, this stitching awl delivers effortless, accurate holes every single time. The smooth, contoured wooden handle sits comfortably in the palm and offers a secure, non-slip grip that reduces hand fatigue during extended leather craft and footwear repair sessions. A polished chrome ferrule locks the needle firmly in place, ensuring the sharp tip stays perfectly aligned for consistent, reliable stitching pressure. Built for durability, the hardened stainless steel resists rust, bending and wear, while the seasoned hardwood handle withstands years of demanding cobbler work. This dependable leather stitching tool is a genuine long-term addition to any footwear repair kit, tool box or craft studio. Each awl measures a compact 13.5 x 2 x 2 cm and weighs a lightweight 17 g, making it easy to grip, control and store neatly in a drawer or repair pouch. Supplied conveniently as a set of two, this hand sewing tool suits both left and right handed users and makes a thoughtful gift for shoe makers. Perfect for cobblers, leather workers, hobby crafters, tailors and home repairers, this versatile stitching awl handles chappal stitching, shoe sole repair and everyday DIY leather projects with premium precision and lasting reliability. VERSATILE REPAIR TOOL: Ideal for chappal stitching, shoe sole repair, leather craft and footwear restoration, this cobbler awl pierces leather, canvas, rubber and thick fabric with clean, accurate precision. • PREMIUM MATERIALS: Crafted with a hardened stainless steel tip and a seasoned natural wooden handle, this leather sewing awl resists rust and wear for dependable long-term stitching performance. • ERGONOMIC WOODEN GRIP: The smooth, contoured handle offers a secure, non-slip hold that reduces hand fatigue, giving cobblers and crafters comfortable control during extended repair sessions. • DURABLE CHROME FERRULE: A polished chrome ferrule locks the sharp needle firmly in place, keeping the tip aligned and resisting bending or loosening even under heavy stitching pressure. • COMPACT LIGHTWEIGHT DESIGN: Measuring 13.5 x 2 x 2 cm and weighing just 17 g, this handy stitching awl stores easily in a repair pouch and comes as a convenient set of two.",in stock,new,599.00 INR,240.00 INR,https://www.indiabusinessinternational.online/p/chappal-stitching-tool-cobbler-awl-premium-wooden-handle-leather-sewing-awl/,https://drive.google.com/thumbnail?id=1w1CCkoU72cEBqK1ZoHGvtTWZKVl_Fiab&sz=w1600,"https://drive.google.com/thumbnail?id=1IDcrB01I0gNjrRuZAnN0EZhea02ve5KO&sz=w1600,https://drive.google.com/thumbnail?id=14XQB7q9nkcZaz72Wht1oiDxSmou9ya0k&sz=w1600,https://drive.google.com/thumbnail?id=1swucv-6byb5nwlmE5yzBZtqy9RMV6Fn_&sz=w1600,https://drive.google.com/thumbnail?id=1BCBCe5aXZDiyoTux1jUFEwqDDzGNLvQ0&sz=w1600,https://drive.google.com/thumbnail?id=1H-TKtk8Htaqd0NdtBr3wMab0Ngdm87To&sz=w1600,https://drive.google.com/thumbnail?id=1XQyPIzRVRZNEz5GElEqPZ9czfkAxoGL_&sz=w1600,https://drive.google.com/thumbnail?id=15tbH_YKsD1fH9j-yxrGl-1MpnMFbh8X5&sz=w1600,https://drive.google.com/thumbnail?id=1WdldAyDQJJQN3MKCYajhsqCaiYzIeyZL&sz=w1600",iINTELLIGENCEi,clothing-shoes
PROD-IINTELLIGENCEI-065245,"iINTELLIGENCEi Coconut Shell Charcoal Natural BBQ Charcoal for Grilling, Smokeless Eco-Friendly Barbecue Fuel, Long Burning High Heat Coconut Charcoal Lumps for Outdoor Cooking","Discover the epitome of premium grilling with iINTELLIGENCEi Coconut Shell Charcoal, crafted from sustainably sourced coconut shells for an eco-friendly barbecue experience. This natural charcoal delivers intense, consistent heat that sears meats to perfection while producing minimal smoke and ash, elevating every outdoor cooking session. Whether you are hosting a weekend BBQ, camping with family, or firing up a tandoor, this smokeless charcoal ensures a luxurious, hassle-free grilling experience. Engineered for versatility, this coconut charcoal is ideal for a wide range of grilling applications—from steak, kebabs, seafood, and vegetables to slow-cooked roasts. Its high heat output and prolonged burn time make it perfect for both quick searing and slow smoking, catering to amateur cooks and professional chefs alike. The charcoal lumps ignite quickly and maintain steady temperatures, allowing precise control over your cooking. The natural coconut composition imparts a subtle, pleasant aroma that enhances the flavour of your dishes. Each piece of this charcoal is meticulously carbonised from mature coconut shells, resulting in a dense, durable fuel that burns hotter and longer than traditional wood charcoal. This sustainable alternative reduces deforestation and utilises agricultural waste, making it a responsible choice for environmentally conscious consumers. It easy to handle, store, and transport, whether stocking your kitchen or packing for an outdoor adventure. Designed with the modern chef in mind, this charcoal offers a clean, consistent burn with low smoke and minimal sparks, ensuring a pleasant grilling environment. Its high carbon content delivers superior heat retention, reducing the need for frequent refuelling, saving you time and effort. The natural lumps are free from additives and chemicals, guaranteeing pure, untainted flavour for your culinary creations. VERSATILE GRILLING FUEL: Perfect for BBQ, grilling, tandoor, camping, and outdoor cooking, delivering high heat and consistent performance for steaks, kebabs, vegetables, and more. • PREMIUM COCONUT MATERIAL: Made from 100% natural coconut shells, this eco-friendly charcoal burns cleaner with less smoke and ash, preserving the authentic flavour of your food. • SMOKELESS HIGH HEAT: Designed to produce minimal smoke while generating intense, long-lasting heat, ensuring a delightful grilling experience without irritation or overpowering smoke. • LONG BURNING DURABILITY: Dense coconut lumps burn longer than wood charcoal, providing extended cooking time and reducing the frequency of refuelling during lengthy grilling sessions. • COMPACT AND HANDY: This charcoal is easy to handle, store, and transport, making it ideal for home kitchens and outdoor adventures.",in stock,new,749.00 INR,299.00 INR,https://www.indiabusinessinternational.online/p/coconut-shell-charcoal-natural-bbq-charcoal-for-grilling-smokeless-eco-friendly/,https://drive.google.com/thumbnail?id=1kxMhvUIC5pAhfwZJFUD4dVbTMDVLFiwh&sz=w1600,"https://drive.google.com/thumbnail?id=1-DF3kJj7dxwDTxW989aQG-FcyrkXna7R&sz=w1600,https://drive.google.com/thumbnail?id=1XxJHHdZLRL7Ln50Pojb7fIba15-Kav_G&sz=w1600,https://drive.google.com/thumbnail?id=1z8JCJq3pDL7fjiMal4Atj_Rtc5m9CT21&sz=w1600,https://drive.google.com/thumbnail?id=1BIpLuXyqV0GSLxdmHORSqisf6HSPZReW&sz=w1600,https://drive.google.com/thumbnail?id=1YpjCYWnSh_4NaGXx8b4iPq-71XkhbALx&sz=w1600,https://drive.google.com/thumbnail?id=1wHjj9t1jIAA377ZC77Mq37K5j_DYlRTy&sz=w1600,https://drive.google.com/thumbnail?id=1FLuoT8NMzYDelFGBZAqFx4bAf-V6uSkc&sz=w1600,https://drive.google.com/thumbnail?id=1M_MuoC8gSyDaLOKiIQtp1dxzZsqct7yB&sz=w1600",iINTELLIGENCEi,home
PROD-IINTELLIGENCEI-357422,"iINTELLIGENCEi Aluminium Bucket BIS Certified, Food Grade Heavy Duty Metal Water Pail with Handle, Rust Resistant Utility Bucket for Kitchen Dairy Milk, 11.5 Litre & 7.5 Litre Household Cleaning","Elevate everyday utility with the iINTELLIGENCEi BIS Certified Aluminium Bucket, a premium metal pail engineered for households, dairies, restaurants and hotel kitchens across India. Crafted from high-grade food grade aluminium, this heavy duty water bucket blends refined strength with a lightweight feel, making it effortless to carry, store and manoeuvre for any daily task. Designed for versatile use, this aluminium water bucket handles milk collection, water storage, kitchen chores, mopping and general cleaning with graceful ease. The corrosion-resistant body resists rust, dents and staining, while the reinforced rim adds extra structural strength for years of dependable service in demanding commercial and domestic settings. The durable handle with swivel loop delivers a comfortable, balanced grip, allowing you to lift and pour liquids without strain. Sturdy riveted joints and a smooth brushed finish give this metal bucket a luxurious, polished appearance that complements modern kitchens, farms and utility spaces alike. Available in two generous capacities to suit every requirement. The larger option offers 11.5 litres, measuring 37 x 32.5 x 26.5 cm and weighing 580 gm, ideal for bulk water storage and dairy work. The compact variant offers 7.5 litres, measuring 32.5 x 28 x 23.5 cm and weighing 450 gm, perfect for lighter household chores. Caring for this aluminium pail is simple. Rinse with mild soap and warm water, wipe dry and store in a cool, dry place to preserve its lustrous shine. Avoid harsh abrasives to maintain the smooth surface finish. Ideal for homemakers, farmers, dairy owners, caterers and hospitality professionals, this BIS certified aluminium bucket delivers premium build quality, rust resistance and long-lasting reliability for kitchen, gardening and cleaning tasks. Buy this trusted household aluminium bucket online for enduring performance you can depend on. VERSATILE UTILITY USE: Perfect for water storage, milk collection, dairy work, kitchen chores, mopping, gardening and cleaning, this multipurpose aluminium bucket suits homes, farms, restaurants and hotels alike. • FOOD GRADE ALUMINIUM: Made from high-grade food grade aluminium, this heavy duty metal pail resists rust, corrosion and dents, keeping stored water and milk safe, fresh and hygienic every single day. • ERGONOMIC SWIVEL HANDLE: The durable handle with swivel loop offers a comfortable, balanced grip for easy lifting, carrying and pouring, while the smooth brushed finish adds a premium touch. • REINFORCED RIM STRENGTH: Sturdy riveted joints and a reinforced rim deliver added structural strength, ensuring this lightweight utility bucket withstands heavy daily use for years without bending. • TWO CAPACITY OPTIONS: Choose 11.5 litre at 37 x 32.5 x 26.5 cm weighing 580 gm, or 7.5 litre at 32.5 x 28 x 23.5 cm weighing 450 gm, giving flexible sizing for varied household needs.",in stock,new,3749.00 INR,999.00 INR,https://www.indiabusinessinternational.online/p/aluminium-bucket-bis-certified-food-grade-heavy-duty-metal-water-pail-with/,https://drive.google.com/thumbnail?id=1rM8rQaTJG86Y2oeVxCJPV2NzCMcyrW2J&sz=w1600,"https://drive.google.com/thumbnail?id=1OiE18CysfazB-eGLX3-Ow5cPwsU-cg8Z&sz=w1600,https://drive.google.com/thumbnail?id=1CycImqVg9Fh7Mk-wtQX4Wyjndtwz8Uy5&sz=w1600,https://drive.google.com/thumbnail?id=1QmlmtozwC4eRkIAzHwxp6epvVDEuDS_u&sz=w1600,https://drive.google.com/thumbnail?id=1CWOJvuLvYdQTcKWk2IG1SlAhFVV02zwM&sz=w1600,https://drive.google.com/thumbnail?id=1ep73qAHKa1xz--0tmJdsXGB6XlYtPJMD&sz=w1600,https://drive.google.com/thumbnail?id=1A_SUssw_wlxZNIT52G_y_v_tMY7Gr-Nd&sz=w1600,https://drive.google.com/thumbnail?id=1y7MEgtSGKzXBX4cvYBn11hlUMxI1h9-i&sz=w1600,https://drive.google.com/thumbnail?id=1gLiwbjtxWSvT6vro3RjiFh-_t7F6NJz7&sz=w1600",iINTELLIGENCEi,home
PROD-IINTELLIGENCEI-336436,"iINTELLIGENCEi Clay Curry Pot with Lid and Handle, 9 Inch Earthen Cooking Pot, 2.3 Litre Handmade Terracotta Handi, Natural Unglazed Clay Cookware for Healthy Indian Curry, Biryani, 27x24x15 cm","Elevate everyday cooking with the iINTELLIGENCEi Clay Curry Pot with Lid and Handle, a premium earthen pot lovingly handcrafted from pure natural terracotta by skilled artisans. Designed for the discerning home chef, this traditional clay handi brings the authentic, earthy flavour of village-style cooking straight to your modern kitchen, transforming simple ingredients into rich, aromatic curries. Crafted from 100% natural, lead-free clay, this earthenware cookware is naturally alkaline, gently balancing the pH of your food while retaining essential nutrients and moisture. Slow, even heat distribution allows dals, sambar, fish curry, biryani, rasam and gravies to simmer to perfection, enhancing taste and aroma the way no metal or non-stick pan ever could. The porous clay body locks in flavour and keeps food warm longer. The generous 2.3 litre capacity comfortably serves a family, while the practical dual side handles and snug-fitting lid make lifting, serving and storing effortless and safe. Its rustic reddish-brown finish and elegant rounded silhouette double as beautiful table-to-plate serveware for special occasions and daily meals alike. Measuring 27 x 24 x 15 cm with a 9 inch diameter and weighing a substantial 1940 g, this clay cooking pot is robust, durable and built to last. Eco-friendly and sustainable, it is a mindful, plastic-free choice for health-conscious kitchens seeking chemical-free traditional cookware. To care for your clay pot, soak it in water before first use, wash gently by hand with a soft sponge, avoid harsh detergents and allow it to air dry completely. Season occasionally to strengthen the surface and extend its life for years of wholesome cooking. Ideal for anyone who values healthy, natural, ancestral cooking, this handmade Indian clay curry pot makes a thoughtful housewarming gift and a treasured addition to any kitchen essentials collection. VERSATILE CLAY COOKWARE: Perfect for slow-cooked curries, biryani, dal, sambar, rasam and fish gravy, this earthen pot doubles as elegant serveware, bringing authentic village flavour to daily and festive meals. • PURE NATURAL CLAY: Handcrafted from 100% lead-free, unglazed terracotta, this natural clay pot is naturally alkaline, balancing food pH while retaining nutrients, moisture and earthy aroma for healthier cooking. • EASY GRIP DESIGN: Thoughtful dual side handles and a snug-fitting lid make lifting, pouring and serving effortless, while the rustic reddish-brown finish adds timeless charm to your table. • DURABLE AND SUSTAINABLE: Built from robust kiln-fired clay, this eco-friendly handi resists wear with proper seasoning, offering long-lasting, plastic-free cookware for years of family cooking. • GENEROUS 2.3 LITRE SIZE: Measuring 27 x 24 x 15 cm with a 9 inch diameter and weighing 1940 g, this spacious clay curry pot serves a family while storing neatly in your kitchen.",out of stock,new,1274.00 INR,849.00 INR,https://www.indiabusinessinternational.online/p/clay-curry-pot-with-lid-and-handle-9-inch-earthen-cooking-pot-2-3-litre/,https://drive.google.com/thumbnail?id=1aRAAINWk2W7ZCRNoNpFv1-KSNtqb2Rhm&sz=w1600,"https://drive.google.com/thumbnail?id=1nb5Te0ksTAQsxQchYn90tuJzX0MjpcPH&sz=w1600,https://drive.google.com/thumbnail?id=1Ayl5AFJ6FYr9Q7f7nSjAdspCwUrTT6LL&sz=w1600,https://drive.google.com/thumbnail?id=1qqIdUvhQx9t0Uz-MnEAG5cLNpgNILP23&sz=w1600,https://drive.google.com/thumbnail?id=1bmsgxM0N4WSP0xxqlh94-xVEJFsMMPSK&sz=w1600,https://drive.google.com/thumbnail?id=14R77IKwsz0P8FIqh4I-zR16wrN2Bk1We&sz=w1600,https://drive.google.com/thumbnail?id=1BBiotFl21W6bzcu_Sl8T0lpaxS7c-7cq&sz=w1600,https://drive.google.com/thumbnail?id=1S2EwsOOBWkvjAFQDcWAWeIfmP6782nig&sz=w1600,https://drive.google.com/thumbnail?id=19ksGFUR3m7YI5hqrDhVVQheJZwXugePM&sz=w1600",iINTELLIGENCEi,home-cookware
PROD-IINTELLIGENCEI-502880,"iINTELLIGENCEi Clay Appam Maker with Lid 29.5x23.5x10 cm 1.5 Litre, Handmade Earthen Terracotta Appam Pan, Eco-Friendly Unglazed Natural Clay Cookware for Healthy South Indian Cooking, 1 Qty","Rediscover the timeless art of traditional South Indian cooking with the iINTELLIGENCEi Clay Appam Maker, a handcrafted piece of earthen cookware that brings authentic flavour and wholesome nourishment to your kitchen. Shaped by skilled artisans from pure natural clay, this terracotta appam pan carries the rustic charm and premium craftsmanship that machine-made cookware simply cannot replicate. Designed for making soft, fluffy appams, this earthen appam maker distributes heat gently and evenly, allowing your batter to cook slowly and develop that signature crisp edge with a tender centre. The included clay lid locks in warmth and moisture, sealing every aroma so your appams, paniyaram, kuzhi paniyaram and steamed delicacies emerge perfectly cooked and irresistibly flavourful every single time. Crafted from 100% toxin-free, chemical-free natural clay, this healthy cookware needs little oil and naturally enriches food with essential minerals. Unglazed and eco-friendly, it is a conscious choice for families who value pure, wholesome, chemical-free meals prepared the traditional way, straight from the soil to your dining table. Generously sized at 29.5 × 23.5 × 10 cm with a 1.5 litre capacity and weighing 1800 g, this clay cooking pot is ideal for everyday family meals and special festive spreads. The dual side handles ensure a secure, comfortable grip while serving, and the warm terracotta finish looks elegant enough to move straight from stove to table. Suitable for gas stoves and other cooking types, this versatile clay cookware suits anyone seeking authentic South Indian cookware and eco-friendly kitchenware. Season before first use, wash gently by hand, and air dry to enjoy years of naturally healthy cooking. Whether gifting a loved one or upgrading your own home kitchen essentials, this handmade clay pot blends heritage, health and premium quality in one exquisite, sustainable package your family will treasure daily. VERSATILE TRADITIONAL COOKWARE: Perfect for cooking soft appams, paniyaram, kuzhi paniyaram and steamed delicacies, this earthen appam maker suits everyday family meals and festive South Indian spreads. • PURE NATURAL CLAY: Handcrafted from 100% toxin-free, chemical-free unglazed terracotta, this clay cookware enriches food with minerals and enhances flavour the authentic, wholesome traditional way. • ERGONOMIC HANDLE DESIGN: Dual sturdy side handles offer a secure, comfortable grip for safe serving, while the fitted clay lid locks in warmth, moisture and aroma for perfectly cooked dishes. • DURABLE HANDMADE BUILD: Skilfully shaped and kiln-fired by artisans, this natural clay pot delivers even heat distribution and lasting strength, rewarding gentle hand washing with years of reliable use. • GENEROUS 1.5 LITRE SIZE: Measuring 29.5 x 23.5 x 10 cm and weighing 1800 g, this eco-friendly appam pan holds ample batter for family portions while looking elegant from stove to dining table.",in stock,new,1274.00 INR,849.00 INR,https://www.indiabusinessinternational.online/p/clay-appam-maker-with-lid-29-5x23-5x10-cm-1-5-litre-handmade-earthen-terracotta/,https://drive.google.com/thumbnail?id=1ZN7m_IARPj0KFzFhu42i8nxXLgQ3uJSJ&sz=w1600,"https://drive.google.com/thumbnail?id=17shAQXnTCbsR26Jkqz3LxJYqsSP2ecVu&sz=w1600,https://drive.google.com/thumbnail?id=1j39VYX32tVfKvtQDEv-_weDbDV-wln4r&sz=w1600,https://drive.google.com/thumbnail?id=1H9MGBd-ea9qI3ZdGk9pgZzkuNV5YLK2y&sz=w1600,https://drive.google.com/thumbnail?id=1lrWihsQEXMoxn-oey2LGPB_U1SQMgnia&sz=w1600,https://drive.google.com/thumbnail?id=1f6dhwQRYg5SYnt7qhFFtqPIi1szasZlx&sz=w1600,https://drive.google.com/thumbnail?id=1gS6mFx54VJO39QAW-7k9C6mNlbZ-X_MT&sz=w1600,https://drive.google.com/thumbnail?id=1Y-7U1uJA3FvB_ISA5pJByHqYYzeWp9mr&sz=w1600,https://drive.google.com/thumbnail?id=1nggID-004wHbJnmNz-gR1GHhWB3IlD5V&sz=w1600",iINTELLIGENCEi,home-cookware
PROD-IINTELLIGENCEI-187802,"iINTELLIGENCEi Clay Plates Set of 2, Handmade Terracotta Dinner Plate 11 Inch, Natural Earthen Serving Plate, Eco-Friendly Pottery Clay Tableware, 28x28x3.5 cm, Rustic Dinnerware for Home Kitchen","Elevate every dining moment with the iINTELLIGENCEi Clay Plates Set of 2, a premium collection of handcrafted terracotta dinner plates that blends timeless tradition with refined, earthy elegance. Shaped from 100% pure natural clay by skilled Indian artisans, each earthen plate carries a warm terracotta hue and rustic charm that transforms ordinary meals into an authentic, wholesome experience worthy of your finest table settings. Designed for versatile everyday use, these clay serving plates are perfect for daily meals, rice, curries, salads, fresh fruits, sweets, snacks and festive platters. Whether plating an elaborate thali or presenting simple home-cooked delicacies, this pottery dinnerware adds a luxurious, natural-cooling touch that keeps food fresh and enhances its authentic taste, making it a cherished addition to any modern or traditional kitchen. Crafted from unglazed, chemical-free terracotta, this natural clay plate is non-toxic, biodegradable and naturally non-stick. Free from harmful toxins and synthetic coatings, it retains essential minerals and honours ancient earthen cookware traditions, offering a healthy, sustainable alternative to plastic and melamine tableware. Each plate measures a generous 28 × 28 × 3.5 cm with an 11 inch diameter, offering ample space for full servings, while the set weighs a substantial 1000 g for reassuring quality. The gently curved rim and smooth interior make serving, holding and cleaning effortless in daily use. Maintenance is simple: hand wash with mild soap, dry thoroughly in sunlight before storing, and avoid microwave or dishwasher use to preserve the plate's rustic beauty for years. Ideal for families, hosts and eco-conscious buyers, this sustainable clay tableware makes a thoughtful housewarming, wedding or festival gift that celebrates natural, healthy living. VERSATILE SERVING PLATE: Ideal for daily meals, rice, curries, salads, fruits, sweets and festive thali platters, this handmade clay dinner plate set suits both traditional and modern kitchens beautifully. • PURE NATURAL CLAY: Crafted from 100% chemical-free terracotta, this earthen plate is non-toxic, biodegradable and unglazed, retaining natural minerals for healthy, wholesome and sustainable dining. • RUSTIC HANDCRAFTED DESIGN: Shaped by skilled artisans with a warm terracotta hue and smooth curved rim, this pottery plate adds authentic charm while remaining comfortable to hold and easy to clean. • DURABLE EARTHEN BUILD: Naturally non-stick and long lasting, this robust clay tableware resists everyday wear, keeps food naturally cool and delivers reliable, premium performance meal after meal. • GENEROUS 11 INCH SIZE: Each plate measures 28 x 28 x 3.5 cm with an 11 inch diameter, and the set of 2 weighs a solid 1000 g, offering ample space for full, satisfying servings.",in stock,new,1274.00 INR,849.00 INR,https://www.indiabusinessinternational.online/p/clay-plates-set-of-2-handmade-terracotta-dinner-plate-11-inch-natural-earthen/,https://drive.google.com/thumbnail?id=1khmAB3rJ6716GBa_PlkN5w5_AW3Af4I6&sz=w1600,"https://drive.google.com/thumbnail?id=1aYiHJ58l7BdYCgWMFL11bpEpNWcvTmyv&sz=w1600,https://drive.google.com/thumbnail?id=1nL8Y0-X7fT2IGnU8M1Fl1CrD2MYs7qyW&sz=w1600,https://drive.google.com/thumbnail?id=1Z_Mqvlt886DoFCPogsmb2vgNUenZZfp6&sz=w1600,https://drive.google.com/thumbnail?id=1FgYHR9yR7u-hnNvDoBhYrraUP9BPOrVh&sz=w1600,https://drive.google.com/thumbnail?id=1PHoncBz58xkWzC6bytvzUmIIqB1-fzC4&sz=w1600,https://drive.google.com/thumbnail?id=1GsR9KdWe-AT4Og2f3kL8li8sRlC65mZz&sz=w1600,https://drive.google.com/thumbnail?id=1qfR53Qi70CV3AcnXO3XV2wsqL3pSnLZw&sz=w1600,https://drive.google.com/thumbnail?id=1ZpCNxD_NL5CY-nWfGKvKaygBTPE_QHEK&sz=w1600",iINTELLIGENCEi,home-kitchen
PROD-IINTELLIGENCEI-315617,"iINTELLIGENCEi Clay Tea Cup Set, Handmade Terracotta Kulhad Coffee Mug, 250 ml Earthen Chai Cup, Eco-Friendly Natural Unglazed Pottery Drinkware, 7.5x7.5x9 cm Rustic Traditional Kitchen Essential","Elevate every tea ritual with this exquisite iINTELLIGENCEi Clay Tea Cup, a luxurious handcrafted kulhad that brings the timeless charm of traditional Indian pottery to your table. Shaped from pure natural terracotta by skilled artisans, each earthen cup carries a warm rustic hue and a smooth tactile finish that transforms an ordinary chai break into a truly premium sensory experience. Unlike ordinary ceramic or glass mugs, this terracotta chai cup allows your beverage to breathe, subtly enhancing the aroma and mellowing the flavour of piping hot masala tea, filter coffee, adrak chai, kadha, badam milk or haldi doodh. The porous clay body naturally balances temperature, keeping your drink comfortably warm while remaining pleasant to hold, delivering the authentic tapri-style tasting experience cherished across India. Meticulously crafted, this eco-friendly clay coffee mug measures 7.5 x 7.5 x 9 cm with a generous 250 ml capacity and a light 200 g weight, striking an ideal balance between a hearty serving and effortless everyday handling. The rounded ergonomic silhouette sits beautifully in the palm and looks stunning as part of a matched drinkware set for family gatherings. Completely biodegradable, chemical-free and reusable, this earthen tea cup is a mindful, plastic-free alternative for conscious homes. Perfect for daily use, festive occasions, house-warming gifts, cafes, restaurants, tea stalls and return presents, it lends an authentic artisanal touch to any serving spread. Caring for your pottery cup is simple: rinse gently with lukewarm water, avoid harsh detergents and prolonged soaking, and air-dry thoroughly before storing. Season new cups with a little water before first use for the finest flavour. Whether you gift it, collect it or savour your morning chai from it, this handmade clay drinkware celebrates heritage craftsmanship and sustainable living in one graceful, premium package for your kitchen. VERSATILE CHAI DRINKWARE: Perfect for masala chai, filter coffee, adrak tea, kadha, badam milk and haldi doodh, this earthen kulhad suits homes, cafes, tea stalls and festive gatherings alike. • NATURAL TERRACOTTA CLAY: Handcrafted from pure unglazed terracotta by skilled artisans, this porous cup lets beverages breathe, enhancing aroma and delivering an authentic tapri-style tea experience. • ERGONOMIC RUSTIC DESIGN: The warm earthy hue, smooth finish and rounded shape sit comfortably in the palm, making this pottery mug a stunning centrepiece for any premium serving spread. • DURABLE EARTHEN BUILD: Kiln-fired for sturdy everyday use, this handmade clay mug resists heat gracefully while staying biodegradable, chemical-free, reusable and kind to the environment. • IDEAL SIZE AND CAPACITY: Measuring 7.5 x 7.5 x 9 cm with a roomy 250 ml capacity and light 200 g weight, this compact chai cup balances generous serving with easy daily handling.",in stock,new,1200.00 INR,300.00 INR,https://www.indiabusinessinternational.online/p/clay-tea-cup-set-handmade-terracotta-kulhad-coffee-mug-250-ml-earthen-chai-cup/,https://drive.google.com/thumbnail?id=1nTa_JLY1EQiTUluTazzt-2gvvdDDm84V&sz=w1600,"https://drive.google.com/thumbnail?id=1DjiFq7ojs0yvcH14FOPlWI4TQSie9nW3&sz=w1600,https://drive.google.com/thumbnail?id=1mLkXYIIWn3IbO6MvqxEbBYPgNbEME5w3&sz=w1600,https://drive.google.com/thumbnail?id=1zweAsE_kdM5JTGIokMWHzY_KnuIazpgp&sz=w1600,https://drive.google.com/thumbnail?id=1IFWFP_BNVwaH6jmkMDq19vdkYA-MjGT_&sz=w1600,https://drive.google.com/thumbnail?id=1MbmvYG-iTgmxzgdOD7OLjgTFc15txCS9&sz=w1600,https://drive.google.com/thumbnail?id=1EqARomRze1_6JejLKVzutTlJrw8Luyw7&sz=w1600,https://drive.google.com/thumbnail?id=1gNqRqJALYD94AmtIe0PxIPUBiLJmhdzQ&sz=w1600,https://drive.google.com/thumbnail?id=1f-cDZbqA7YB-MOUvTIDz6-qkdd36b1pO&sz=w1600",iINTELLIGENCEi,home-kitchen
PROD-IINTELLIGENCEI-236942,"iINTELLIGENCEi Coconut Shell Charcoal Powder 500 gm, Natural Organic Carbon Powder for Skincare, Gardening, Water Purification, DIY Crafts, Eco-Friendly Sustainable Multipurpose Charcoal","Discover the luxurious purity of iINTELLIGENCEi Coconut Shell Charcoal Powder, a 500 gm premium-grade natural carbon powder crafted from sustainably sourced coconut shells. This eco-friendly product delivers exceptional versatility, making it an essential addition to your daily wellness, beauty, and home care rituals. Sourced from the pristine coastal region of Kanyakumari, Tamil Nadu, this charcoal powder embodies the essence of nature’s finest detoxifying agent, refined to a fine, silky texture that feels indulgent on the skin. This coconut charcoal powder serves as a powerful ally in your skincare routine. Its natural adsorption properties help draw out impurities, excess oil, and toxins from the skin, making it a perfect base for face masks, scrubs, and soap-making. Whether you are crafting a luxurious DIY charcoal mask or adding it to your bath soak, this organic charcoal powder delivers a gentle yet effective cleanse, leaving your skin feeling refreshed and radiant. For haircare, it helps detoxify the scalp, promoting a healthy, balanced environment for optimal hair growth. Beyond beauty, this 500 gm charcoal powder excels in practical applications. It acts as a natural water purifier, effectively removing odours and impurities, making it ideal for aquarium filtration and home water treatment systems. In gardening, it enhances soil aeration and nutrient retention, benefiting your plants and compost. Additionally, this activated charcoal powder is widely used for air purification, odour absorption in refrigerators and closets, and as a natural deodorizer. Its fine particle size ensures easy mixing and thorough dispersion in any application. Constructed with a focus on purity and performance, this coconut carbon powder is derived from mature coconut shells that are carbonized at high temperatures, ensuring a high surface area and maximum adsorptive capacity. MULTIPURPOSE CHARCOAL POWDER: Perfect for skincare masks, soap making, water purification, air freshening, gardening soil amendment, and DIY eco-friendly crafts, offering versatile daily benefits. • PREMIUM NATURAL MATERIAL: Derived from certified organic coconut shells and carbonized for high purity, this natural charcoal powder is chemical-free, scent-free, and safe for skin, plants, and home use. • LUXURIOUS FINE TEXTURE: Milled to an ultra-fine, silky consistency that blends effortlessly into homemade beauty recipes, ensuring smooth application and a premium sensory experience. • SUSTAINABLE & ECO-CONSCIOUS: Sourced from renewable coconut husks, this biodegradable charcoal powder supports sustainable living and reduces environmental impact, aligning with green lifestyle values. • COMPACT 500G PACKAGE: Convenient 14 x 14 x 4 cm resealable pouch with exactly 500 g weight, easy to store and dispense, ideal for travel and repeated crafting, beauty, and purification projects.",in stock,new,299.00 INR,199.00 INR,https://www.indiabusinessinternational.online/p/coconut-shell-charcoal-powder-500-gm-natural-organic-carbon-powder-for-skincare/,https://drive.google.com/thumbnail?id=1tSRiymz3PNSRz6a2Xcf9mNlmK1FsT8NL&sz=w1600,"https://drive.google.com/thumbnail?id=1lsiiMrs80fiIWs9ePYm9HPc0Z_Fs64Lm&sz=w1600,https://drive.google.com/thumbnail?id=1uaXExpaLN2J2RqRS3iY8b9MwpNC1Meir&sz=w1600,https://drive.google.com/thumbnail?id=1i26XZ5qmCqdZ249MFSf2rbUOCIjQ8ykA&sz=w1600",iINTELLIGENCEi,home-garden
PROD-IINTELLIGENCEI-446182,"iINTELLIGENCEi Koram Pai Traditional Woven Grass Mat 170 cm Premium Korai Floor Mat for Yoga, Meditation, Sleeping and Home Decor, Handmade Eco-Friendly Foldable Straw Mat, Natural","Discover the timeless elegance of the iINTELLIGENCEi Koram Pai, a premium handwoven grass mat crafted from the finest Korai grass, also known as Korai Pai. This natural floor mat brings the luxurious heritage of South Indian craftsmanship into your modern home, offering a versatile surface for sleeping, yoga, meditation, and everyday relaxation. Measuring 170 x 12 x 12 cm and weighing just 1091 g, this foldable mat combines portability with an authentic, earthy aesthetic that elevates any space. Experience the cool, soothing comfort of genuine Korai grass fibers, which naturally regulate temperature and provide a breathable, soft surface for restful sleep. Whether used as a traditional sleeping mat, a yoga mat for your daily practice, or a meditation mat for mindfulness, this woven mat supports your body gently while connecting you to nature. Its compact 12 cm rolled dimensions make it easy to store and carry, perfect for travel, picnics, or spontaneous outdoor relaxation. Meticulously handmade by skilled artisans, each Koram Pai showcases intricate weaving that reflects generations of expertise. The natural straw mat is not only durable but also visually stunning, with a fine texture that complements both contemporary and ethnic interiors. Use it as a floor mat, a decorative wall hanging, or a unique base for your living room, bedroom, or prayer corner. Its neutral tones blend seamlessly with any décor, adding warmth and sophistication. Caring for your Korai mat is simple: wipe with a dry cloth and air it occasionally to maintain freshness. Avoid prolonged exposure to moisture to preserve its natural integrity. This eco-friendly mat is crafted without synthetic materials, making it a sustainable choice for environmentally conscious shoppers. Ideal as a thoughtful gift for housewarmings, festivals, or wellness enthusiasts, it embodies purity and tradition. VERSATILE USE CASES: Perfect as a traditional sleeping mat, yoga mat, meditation mat, or floor mat; suits daily rest, prayer, picnics, and children's play areas while adding ethnic charm to any room. • PREMIUM KORAI GRASS: Handwoven from natural, breathable Korai grass fibers that stay cool in summer and provide a gentle, supportive surface for comfortable sitting, lying, and stretching during • ARTISANAL CRAFTSMANSHIP: Each mat undergoes meticulous hand-weaving by skilled artisans, delivering a unique, tight weave that blends traditional South Indian aesthetics with modern home décor needs. • DURABLE NATURAL BUILD: The sturdy straw construction withstands regular use and folds neatly for convenient storage or travel; the eco-friendly, non-toxic material ensures safe, sustainable daily • COMPACT AND LIGHTWEIGHT: Measuring 170 x 12 x 12 cm and weighing 1091 g, this foldable mat is easy to roll, carry, and store, making it an ideal travel companion for yoga classes, picnics, or",in stock,new,1349.00 INR,699.00 INR,https://www.indiabusinessinternational.online/p/koram-pai-traditional-woven-grass-mat-170-cm-premium-korai-floor-mat-for-yoga/,https://drive.google.com/thumbnail?id=1f1ugUDOjb_rj2iPmVEWs9lWna32IpTQR&sz=w1600,"https://drive.google.com/thumbnail?id=1DTezxELzACNKyHf8CwYKJdDPbVEBMshW&sz=w1600,https://drive.google.com/thumbnail?id=1cWYbVLdqKlH80hZgmcAy0o9YFFncbncJ&sz=w1600,https://drive.google.com/thumbnail?id=1vO_gqo0FpQMO0c89N4HjfujahGHJuZ45&sz=w1600,https://drive.google.com/thumbnail?id=1mFtetyBqaolP63O7tHz0EugtNrdcIOkT&sz=w1600,https://drive.google.com/thumbnail?id=1yCl4TxFXR19kdsM7m_eB5rutO8Ea3olR&sz=w1600,https://drive.google.com/thumbnail?id=16W5Wy2eAwXB5t0sGqAFxg6XMThrXL4Ax&sz=w1600,https://drive.google.com/thumbnail?id=12KBAYNdb2a-qkIU6cJCGRkq7YZGts0Ot&sz=w1600,https://drive.google.com/thumbnail?id=1_7zs-Gzu_fM41WQTW--N4SKA0zi9_1Gx&sz=w1600",iINTELLIGENCEi,home-bedding
PROD-IINTELLIGENCEI-169204,"iINTELLIGENCEi Aluminium Saucepan with Lid and Handle, BIS Certified, 2.5 Liters, 35.5x20.5x10 cm, 576 gm, Milk Pan, Boiling Pan for Home Kitchen and Restaurant Cookware","Elevate your kitchen experience with the iINTELLIGENCEi Aluminium Saucepan, a premium cookware essential crafted for the modern Indian home. This 2.5-liter saucepan combines luxurious design with exceptional functionality, making it the perfect companion for daily cooking. Whether you are preparing warm milk, brewing tea or coffee, simmering sauces, or boiling small portions of vegetables, this versatile pan delivers consistent results every time. Expertly constructed from high-grade aluminium, this saucepan offers superior heat conductivity, ensuring your food cooks evenly and quickly while saving precious energy. The BIS certification guarantees quality and safety, giving you complete peace of mind with every use. The sturdy lid locks in moisture and flavour, while the ergonomically designed handle provides a comfortable, secure grip, making it easy to manoeuvre even when the pan is full. Measuring 35.5 x 20.5 x 10 cm and weighing just 576 gm, this lightweight yet durable aluminium pot is easy to handle and store. The polished aluminium finish not only adds a touch of sophistication to your kitchen but also resists corrosion and tarnishing, ensuring long-lasting performance. Ideal for both home kitchens and professional restaurant cookware, this boiling pan is a true workhorse that adapts to your cooking needs. Primary use cases include heating milk, preparing tea and coffee, boiling pasta or rice, and cooking gravies. Secondary uses range from melting butter or ghee to blanching vegetables and reheating soups. Its versatile design makes it a must-have for every household, especially for those who value efficiency and elegance in their cookware collection. Caring for this saucepan is effortless: wash with mild detergent and warm water after each use, then dry thoroughly. The pan is compatible with gas stoves, electric coils, and induction cooktops with an adapter. VERSATILE DAILY USE: Perfect for heating milk, brewing tea or coffee, boiling pasta, preparing sauces, and cooking gravies. • PREMIUM ALUMINIUM BUILD: Crafted from high-grade aluminium with BIS certification, this cooking pan ensures quick, even heat distribution that saves time and energy, delivering perfectly cooked • ERGONOMIC DESIGN FEATURES: The comfortable, heat-resistant handle offers a firm grip, while the snug-fitting lid locks in moisture and flavour. • LIGHTWEIGHT YET DURABLE: Weighing just 576 gm, this aluminium pot is effortless to lift and handle, yet robust enough to withstand daily heavy use. • EXACT SPECIFICATIONS: Measuring 35.5 x 20.5 x 10 cm and holding 2.5 liters, this compact yet spacious saucepan fits easily on any stovetop and stores neatly in cabinets.",in stock,new,1230.00 INR,820.00 INR,https://www.indiabusinessinternational.online/p/aluminium-saucepan-with-lid-and-handle-bis-certified-2-5-liters-35-5x20-5x10-cm/,https://drive.google.com/thumbnail?id=1quED3n2_0qwqZBBLaQUy7FHGXYDuLOlJ&sz=w1600,"https://drive.google.com/thumbnail?id=1WQaxhE7rwHqX7-Ac3C-dI2zs8z5KDe9-&sz=w1600,https://drive.google.com/thumbnail?id=1tY_1m9wUsm7aZZjKCRMgSEGaop-r8hBv&sz=w1600,https://drive.google.com/thumbnail?id=1F3AehRBBScfddJYFYdXiBStUdDm5ujIA&sz=w1600,https://drive.google.com/thumbnail?id=1D1MyocQwiAcvEfoCnAY1A-rX41LMbvKp&sz=w1600,https://drive.google.com/thumbnail?id=11f93F50Gvbvf5Y2IH2yZZbN4snkUuTIM&sz=w1600,https://drive.google.com/thumbnail?id=1uJp2N_RFGRL7loxk4Nho-Tung59zM-z2&sz=w1600,https://drive.google.com/thumbnail?id=1l6m4QsSgsRoF_tt8cB425iR7HlMOZxUs&sz=w1600,https://drive.google.com/thumbnail?id=1G3Ktujth4Xzl6qg0CGnT1IQqRN84z-5k&sz=w1600",iINTELLIGENCEi,home
PROD-IINTELLIGENCEI-661351,"iINTELLIGENCEi Aluminium Uruli With Lid, BIS Certified, 17 No Size, 29.5x29.5x10.5 cm, 722 g, Traditional Indian Cooking Pot, Kitchen Cookware, 1 Qty","Experience the timeless charm of authentic South Indian cooking with the iINTELLIGENCEi Aluminium Uruli With Lid. Crafted from high-grade BIS-certified aluminium, this traditional vessel delivers superior heat conductivity for even slow-cooking, making it perfect for preparing classic Kerala and Tamil Nadu dishes like avial, sambar, and payasam. The generous 29.5 × 29.5 × 10.5 cm size offers ample capacity for family feasts while the lightweight 722 g body ensures effortless handling. This aluminium cooking pot is equally adept at everyday curries, festive speciality dishes, and even large-capacity restaurant-style preparations. The snug-fitting lid locks in moisture and aroma, intensifying flavours while protecting your food from dust. As a versatile aluminium vessel, it performs beautifully on gas stoves and induction cooktops, and is suitable for frying, boiling, steaming, and marinating. The polished metallic finish adds a premium sheen to your kitchen, blending traditional appeal with contemporary durability. Easy to clean with warm soapy water, this uruli resists corrosion and retains its lustre over years of daily use. Whether you are a home cook seeking authentic results, a professional chef, or a caterer, this traditional cookware is a must-have. It also makes a thoughtful housewarming or wedding gift for those who appreciate heritage cookware. The ergonomic shape and sturdy construction provide a stable cooking base, while the lid doubles as a convenient serving platter. Enjoy the pride of cooking in a vessel that has been a staple of Indian kitchens for centuries. Elevate your culinary repertoire with this luxurious, BIS-certified aluminium uruli that combines tradition, style, and reliability. VERSATILE COOKING POT: Perfect for traditional South Indian dishes, curries, dals, biryani, frying, boiling, and steaming—ideal for daily home cooking, festive feasts, and restaurant use. • PREMIUM BIS CERTIFIED ALUMINIUM: Made from high-grade, food-safe aluminium that ensures rapid, even heat distribution for perfectly cooked meals every time. • TRADITIONAL URULI DESIGN: Authentic wide-mouth shape with a snug-fitting lid locks in moisture and aroma, enhancing flavour while preventing spills and dust. • DURABLE AND LONG LASTING: Built to withstand high heat and rigorous daily use, this aluminium vessel resists warping, corrosion, and denting for lasting performance. • PERFECT SIZE AND WEIGHT: Measuring 29.5 × 29.5 × 10.5 cm and weighing just 722 g, this compact yet spacious vessel fits all Indian kitchens and is easy to lift, handle, and store.",in stock,new,1748.00 INR,1165.00 INR,https://www.indiabusinessinternational.online/p/aluminium-uruli-with-lid-bis-certified-17-no-size-29-5x29-5x10-5-cm-722-g/,https://drive.google.com/thumbnail?id=104hQKn5KY2qbf0fx3_6aSsued-wXfM3f&sz=w1600,"https://drive.google.com/thumbnail?id=1c_jqbioi3Hv_VKZIqp4jNi68l_pa9nkW&sz=w1600,https://drive.google.com/thumbnail?id=1CQ4H7H_dB8pbce9pl6mvtzGqWn7MdnLg&sz=w1600,https://drive.google.com/thumbnail?id=1AJeI4eMIorSxt0v8zKRueTc8V0AmAxaU&sz=w1600,https://drive.google.com/thumbnail?id=1XTlDsPSM5tY8k9QwTqj2ny5VIOKDsV4T&sz=w1600,https://drive.google.com/thumbnail?id=1h3AxDT3PA5i7JTXuF0GOZBx2p7fHkxUJ&sz=w1600,https://drive.google.com/thumbnail?id=1cqGtPTaNmKgy0LcxgK9qg1OzlI3b2SkC&sz=w1600,https://drive.google.com/thumbnail?id=1IReYa09H0yZkiTsiMZPet7Hvaxfh4NPV&sz=w1600,https://drive.google.com/thumbnail?id=1t_8cvl5-lsr3QfT_q0rKGEK_bj-jg6d6&sz=w1600",iINTELLIGENCEi,home
PROD-IINTELLIGENCEI-688164,"iINTELLIGENCEi Aluminium Tope Set of 6, 29x29x18 cm, 1.97 Kg, Aluminum Pot Set, Aluminium Cookware Set, Cooking Pot Set, Aluminium Vessel Set, Kitchen Pot Set, Metal Cookware, Aluminium Kitchenware","Elevate your culinary space with the iINTELLIGENCEi Aluminium Tope Set, a luxurious six-piece cookware ensemble crafted for the modern Indian kitchen. Each set includes six generously sized pots measuring 29x29x18 cm, offering ample capacity for preparing family meals, festive feasts, and restaurant-style curries. The set weighs a precise 1.97 kg, ensuring a sturdy yet manageable presence on any stovetop, from traditional gas flames to modern induction cooktops. Engineered from premium-grade aluminium, these cooking pots deliver rapid, even heat distribution that prevents hotspots and ensures perfectly cooked dal, rice, vegetables, and meat curries every time. Aluminium's natural thermal conductivity reduces cooking time and fuel consumption, making this vessel set an energy-efficient choice for daily home cooking and high-volume commercial use in hotels, canteens, and catering services. The design of each aluminium tope focuses on versatility and ease. The wide 29x29 cm mouth facilitates effortless stirring, serving, and cleaning, while the 18 cm depth provides sufficient volume for boiling, simmering, and slow-cooking. The lightweight nature of aluminium, combined with the balanced 1.97 kg weight, allows comfortable lifting and pouring, even when filled, reducing strain on wrists and hands during busy cooking sessions. Durability is paramount in this cookware set. The high-quality aluminium construction resists warping, corrosion, and tarnishing, ensuring these pots maintain their premium appearance and performance for years. The smooth interior surface prevents food from sticking, making cleaning quick and hygienic. For best results, wash with mild detergent and a soft sponge; avoid abrasive scrubbers to preserve the finish. Ideal for homemakers, professional chefs, and gifting purposes, this set of six pots serves as an essential kitchen companion. VERSATILE COOKING SET: Ideal for boiling, simmering, frying, and slow-cooking Indian curries, rice, dal, and vegetables, this six-piece aluminium pot set suits home kitchens, restaurants, and • PREMIUM ALUMINIUM BUILD: Crafted from high-grade aluminium, these cooking vessels provide rapid heat conduction and even cooking, reducing fuel usage and delivering perfect results for everyday • EASY HANDLE DESIGN: Each pot features smooth, comfortable handles that stay cool during cooking, ensuring a secure grip for safe lifting and pouring, even when the pot is full of hot food. • DURABLE CONSTRUCTION: Resistant to warping, rust, and corrosion, this metal cookware set is built to withstand rigorous daily use, maintaining its polished look and structural integrity for years. • EXACT SPECIFICATIONS: Each pot measures 29x29x18 cm and the full set weighs exactly 1.97 kg, offering generous capacity while remaining lightweight and easy to store in any kitchen cabinet.",in stock,new,2699.00 INR,1799.00 INR,https://www.indiabusinessinternational.online/p/aluminium-tope-set-of-6-29x29x18-cm-1-97-kg-aluminum-pot-set-aluminium-cookware/,https://drive.google.com/thumbnail?id=1_gR67nN4iq2y1Bts0Cehq8qUfxT38GyM&sz=w1600,"https://drive.google.com/thumbnail?id=1yf4yLU23fMQzzgOXw7gs45MsoUrLbl48&sz=w1600,https://drive.google.com/thumbnail?id=1hdvLAD5usRN_Zp8oQ0B_7-n-_-V6TFeN&sz=w1600,https://drive.google.com/thumbnail?id=1iy9kFkLRWPhNZkrISuNKbSf9mlYIEXRZ&sz=w1600,https://drive.google.com/thumbnail?id=1IFm6cHecWTPraJj1OuLqpfzS3-0dAPVt&sz=w1600,https://drive.google.com/thumbnail?id=1gC_cIOvm2lubzdyxb46BqFNoYVoAz6aI&sz=w1600,https://drive.google.com/thumbnail?id=1k84OVzsapk90WWlIDUKJsH0EljSUVcdR&sz=w1600,https://drive.google.com/thumbnail?id=1N6-i7y7Ewvry6GQ8xN-xqrtAqq9IBjCr&sz=w1600,https://drive.google.com/thumbnail?id=18sYmCGiAB7R6s9qcwtp3FVi90E2mXehZ&sz=w1600",iINTELLIGENCEi,home
PROD-IINTELLIGENCEI-319822,"iINTELLIGENCEi Palm Leaf Basket Petti, 34x24x16 cm, 150 gm, Handmade Natural Storage Basket, Eco-Friendly Gift Basket for Kitchen, Home Organisation, Temple, Pooja, Decor","Discover the timeless charm of iINTELLIGENCEi's Palm Leaf Basket, a premium handcrafted petti that brings the beauty of nature into your home. Handwoven from sustainably sourced palm leaves, this eco-friendly basket reflects the rich artisanal traditions of India, offering a luxurious yet natural storage solution. The basket's earthy tones and intricate weave elevate any space, from modern kitchens to rustic living rooms, making it an elegant companion for organising your daily essentials. This versatile palm leaf petti serves as a chic kitchen basket for storing fruits, vegetables, spices, or bread, while also functioning as a stylish home storage basket for remote controls, cosmetics, stationery, or crafting supplies. Use it as a thoughtful gift basket filled with sweets, dry fruits, or flowers for weddings, festivals, or housewarmings. Its natural texture also complements temple or pooja rooms, where it can hold sacred items, incense, or offering trays, adding a touch of sacred authenticity. Crafted by skilled Indian artisans, this handmade basket is a testament to sustainable products that support local communities. The sturdy palm leaves are tightly woven to create a durable structure that maintains its shape even with daily use. Each piece is unique, showcasing subtle colour variations that celebrate its organic origin. The basket's breathable weave keeps contents fresh, making it ideal for produce storage, while its lightweight nature allows for effortless portability around the home. Precisely measured at 34 cm in length, 24 cm in width, and 16 cm in height, this petti offers ample space for a variety of items without occupying excessive shelf or counter area. Weighing just 150 grams, it is feather-light, making it easy to move, hang, or display. Whether you are organising your kitchen counter, dressing table, or entryway, this basket combines practicality with refined aesthetics. VERSATILE ORGANISATION: Ideal for kitchen storage, fruit baskets, gift wrapping, pooja items, and decor; serves as a multi-purpose petti for any room in your home. • NATURAL PALM CRAFT: Handwoven from sustainable palm leaves, this eco-friendly basket showcases authentic Indian artisan skill, offering a durable and breathable storage solution. • ELEGANT DESIGN: The rich earthy texture and neat weave provide a luxurious, natural aesthetic that enhances home decor while keeping essentials neatly organised and visible. • STURDY AND LIGHTWEIGHT: Despite its robust construction, this easy-lift basket is built for daily handling; the tight weave resists wear and maintains shape over prolonged use. • COMPACT DIMENSIONS: Measuring 34x24x16 cm and weighing 150 g, this space-saving basket fits shelves, counters, and cupboards while holding a surprisingly generous volume.",in stock,new,2534.00 INR,489.00 INR,https://www.indiabusinessinternational.online/p/palm-leaf-basket-petti-34x24x16-cm-150-gm-handmade-natural-storage-basket-eco/,https://drive.google.com/thumbnail?id=1Nge0oEbm0WsUK85RpTaKFU_JFRt_VbP4&sz=w1600,"https://drive.google.com/thumbnail?id=1u2Y7h5OZvZFxOYnXkwNRNvW5EECFzOru&sz=w1600,https://drive.google.com/thumbnail?id=1o6fASQNdsPbU_ezMi-ITHa__-X8axEAa&sz=w1600,https://drive.google.com/thumbnail?id=1kV4b_mdkb3qoC-Kac3XgeDRUiK-qj-Ky&sz=w1600,https://drive.google.com/thumbnail?id=1JFYS75u70dD7ELNScPL0S0NJTFoROUgA&sz=w1600,https://drive.google.com/thumbnail?id=1BmSgqNebqH67qUlsLmIHoWaWOAOsw9Z9&sz=w1600,https://drive.google.com/thumbnail?id=1nuaXLOBAiPU7a4t6a-kzUCYBVCLeUfwk&sz=w1600,https://drive.google.com/thumbnail?id=1FZmbw4CnlsvMQDZ0vR8eqrlne5u_bWvy&sz=w1600,https://drive.google.com/thumbnail?id=1UAVB703iGPgfN_pIVHX6bHF28utdpXqB&sz=w1600",iINTELLIGENCEi,home-storage
PROD-IINTELLIGENCEI-593827,"iINTELLIGENCEi Tamarind Seed Remover, Stainless Steel Manual Deseeder for Kitchen, 11.5 x 2 x 2 cm, 17 g Each, 2 Qty, Tamarind Seed Separator Tool","Introducing the iINTELLIGENCEi Tamarind Seed Remover, a premium manual deseeder designed to transform your tamarind processing experience. Crafted for the Indian kitchen, this compact tool removes seeds effortlessly, saving you time and preserving the rich, tangy pulp for curries, chutneys, and traditional recipes. Whether you are a home cook preparing daily meals or a professional chef handling bulk tamarind, this seed separator delivers consistent, mess-free results every time. Engineered from high-grade stainless steel, this tamarind tool promises exceptional durability and resistance to rust, ensuring it remains a staple in your cooking accessories for years. The sleek, food-grade construction is safe for direct contact with food and is easy to clean—simply rinse under water or wipe with a damp cloth. Its lightweight design, weighing only 17 grams each, makes it effortless to handle, reducing hand fatigue during extended use. Measuring precisely 11.5 x 2 x 2 cm, this manual seed remover is perfectly sized to fit comfortably in your palm while offering a firm grip for precise control. The ergonomic shape allows you to work through whole tamarind pods or blocks with ease, extracting seeds without crushing the pulp. This tamarind deseeder is an essential food preparation tool for anyone who values efficiency and quality in their kitchen essentials. This set includes two identical tamarind extractors, providing a backup or allowing you to share with a family member. Ideal for daily use, festive cooking, or as a thoughtful gift for cooking enthusiasts, this versatile tool also works well for tamarind seed separation in small-scale commercial settings. Elevate your culinary routine with a tool that combines luxury and practicality, making every tamarind dish a joy to prepare. Care is simple—hand wash and dry thoroughly after use to maintain its lustrous finish. Avoid abrasive scrubbers to keep the surface pristine. VERSATILE TAMARIND TOOL: Perfect for deseeding fresh tamarind pods, blocks, and paste, this manual seed remover handles daily kitchen prep and bulk processing for curries, chutneys, and traditional • PREMIUM STEEL BUILD: Made from food-grade stainless steel, this tamarind seed separator resists rust, stains, and odours, ensuring hygienic and long-lasting performance in humid coastal climates • ERGONOMIC DESIGN: The compact 11.5 x 2 x 2 cm shape fits comfortably in your hand, offering a non-slip grip for precise seed extraction while minimising hand strain during extended cooking sessions. • RUST-PROOF LONGEVITY: With robust stainless-steel construction, this tamarind extractor withstands daily wear, repeated washing, and heavy use, delivering reliable service as a cherished kitchen • COMPACT AND LIGHTWEIGHT: Weighing just 17 g per piece, this set of 2 tamarind deseeder tools is ultra-portable, storing neatly in drawers or travel kits, and easy to handle for all ages.",in stock,new,375.00 INR,250.00 INR,https://www.indiabusinessinternational.online/p/tamarind-seed-remover-stainless-steel-manual-deseeder-for-kitchen-11-5-x-2-x-2/,https://drive.google.com/thumbnail?id=1pP4OAMiGI8xvM0AW6cxsy9XRSwi0l4KO&sz=w1600,"https://drive.google.com/thumbnail?id=1PzKh8pFUfKyds7-Olb3FNRfkXnVb_wYT&sz=w1600,https://drive.google.com/thumbnail?id=1uLxYk8QyNkx_38zNmrhXMgcQn6MqQZc-&sz=w1600,https://drive.google.com/thumbnail?id=1TNNkPGuO5q7xCVfj3tVSVQGElQyI_kUx&sz=w1600,https://drive.google.com/thumbnail?id=18EfIhTPOfz4Bt_FZn_18zTdndvzfGSLs&sz=w1600,https://drive.google.com/thumbnail?id=1QU4W9CaIHpdbu8rBfKDwAn0m5rWJMJ3T&sz=w1600,https://drive.google.com/thumbnail?id=1Tseo8Vhv_HpLzyUchQmjadIjSUuFtOmr&sz=w1600,https://drive.google.com/thumbnail?id=1Pum78zNgDJJnQ0DWV5b_AT5_0sV4GJ-y&sz=w1600,https://drive.google.com/thumbnail?id=1vcvXJ75dS7ecP8kB9TdB6Tn61eLQY7xE&sz=w1600",iINTELLIGENCEi,home
PROD-IINTELLIGENCEI-021123,"iINTELLIGENCEi Clay Uruli with Lid, 23.5x23.5x15.5 cm, 2.5 Liters, 2.43 Kg, Handmade Terracotta Earthen Pot, Traditional Indian Clay Cooking Pot, Eco-Friendly Natural Clay Cookware for Healthy","Discover the ancient wisdom of Indian kitchens with this exquisite iINTELLIGENCEi Clay Uruli with Lid, a premium terracotta cooking vessel that brings the purity of earth to your modern home. Crafted from natural, unglazed clay, this traditional earthen pot is designed for slow, even heat distribution, ensuring that every meal is infused with authentic flavours while preserving essential nutrients. Perfect for preparing dals, curries, rice dishes, and even slow-cooked stews, this clay uruli is a versatile addition to your healthy cookware collection. This handmade clay pot is more than just cookware – it is a lifestyle choice for health-conscious families across India. Cooking in clay naturally reduces oil absorption, enhances the taste of spices, and maintains the alkaline nature of your food. The porous terracotta surface allows gentle steam circulation, which keeps biryanis fluffy, gravies rich, and vegetables tender. Use it on a low flame for traditional slow cooking, or serve directly at the table – the uruli doubles as an elegant serving dish for festive occasions. Measuring 23.5 x 23.5 x 15.5 cm and holding a generous 2.5 liters, this clay uruli is perfectly sized for a family of 3-4 people. Weighing just 2.43 kg, it is sturdy yet manageable for everyday handling. The snug-fitting lid traps moisture and aroma, creating a self-basting environment that intensifies flavours. Whether you are simmering a comforting sambar, preparing a coastal fish curry, or infusing your rice with earthy smokiness, this earthen pot delivers consistent, wholesome results. Embracing eco-friendly kitchenware is a step towards sustainability. This natural clay pot is biodegradable, free from harmful chemicals like lead and PFOA, and supports local artisans with every purchase. To maintain its longevity, season the uruli before first use by soaking it in water for a few hours, then heat gradually. Clean with warm water and a soft sponge – no soap required. VERSATILE COOKING POT: Perfect for dals, curries, rice, biryani, stews, and slow-cooked traditional Indian dishes; also serves as an elegant serving bowl for festive meals and daily dining. • PURE TERRACOTTA MATERIAL: Made from natural unglazed clay that is chemical-free, porous, and breathable, enhancing flavours while reducing oil absorption for healthier, tastier home-cooked food. • EASY TRADITIONAL COOKING: The earthen pot design ensures even heat distribution and gentle steam circulation, while the snug lid locks in moisture and aroma for perfect slow-cooking results. • DURABLE HANDMADE BUILD: Crafted by skilled artisans with time-honoured techniques, this clay uruli is sturdy, crack-resistant when used correctly, and supports sustainable, eco-friendly kitchen practices. • EXACT DIMENSIONS AND WEIGHT: Measures 23.5 x 23.5 x 15.5 cm, holds 2.5 liters, and weighs 2.43 kg – a compact, manageable size for family cooking, storage, and serving.",in stock,new,1274.00 INR,849.00 INR,https://www.indiabusinessinternational.online/p/clay-uruli-with-lid-23-5x23-5x15-5-cm-2-5-liters-2-43-kg-handmade-terracotta/,https://drive.google.com/thumbnail?id=10QPL79kglc_qeSDMj2aCnX3gFlHsQxxS&sz=w1600,"https://drive.google.com/thumbnail?id=1f3VAH8Fa1DrfXzLvaPcWvcoWFLxVLCJZ&sz=w1600,https://drive.google.com/thumbnail?id=1Z0DOL_fr6TFb1e1-jnDSCXF55YfZOMCq&sz=w1600,https://drive.google.com/thumbnail?id=1n9YJWTTAucFgO2AXjSViLSzROZPyxTWi&sz=w1600,https://drive.google.com/thumbnail?id=1qO8ZQiO0E9MADPFk2y3aOKBvwZ8pAEau&sz=w1600,https://drive.google.com/thumbnail?id=10iAkAZQxdhLCrVtnXLCHLAgS98vy3wyS&sz=w1600,https://drive.google.com/thumbnail?id=1bXnkgkKPgyE9kvWKI5I2p654uJA35l7h&sz=w1600,https://drive.google.com/thumbnail?id=1hD0ia0itMg_FlDciCSX9oGDg7GUn__zT&sz=w1600,https://drive.google.com/thumbnail?id=1ozyNkcueHKhsnCUx7lQNFfJHFWw8LQkU&sz=w1600",iINTELLIGENCEi,home
PROD-IINTELLIGENCEI-242379,"iINTELLIGENCEi Clay Kadhai 2.5 Liters, Terracotta Earthen Kadhai for Cooking, Handmade Clay Wok for Indian Curry and Vegetables, Natural Healthy Cookware Pot, Eco-Friendly Kitchenware, 31 x 26.5 x 16","Experience the timeless art of traditional Indian cooking with the iINTELLIGENCEi Clay Kadhai, a meticulously handcrafted terracotta earthen kadhai designed for the modern, health-conscious kitchen. This 2.5-liter clay wok brings the authentic flavours of slow-cooked curries, dals, and vegetable dishes to your home, infusing every meal with the earthy richness only natural clay can impart. Cooking in a terracotta kadhai is a centuries-old practice that enhances nutrient retention and imparts a unique, smoky aroma to your favourite recipes, making it an essential addition for lovers of traditional cookware. Crafted from one hundred percent natural, food-safe clay and fired at high temperatures, this earthen cooking pot is free from toxic coatings, lead, and chemical glazes. The porous nature of the clay allows for even heat distribution and gentle moisture circulation, ensuring your food cooks evenly while preserving its natural juices and beneficial enzymes. Ideal for preparing slow-cooked curries, biryanis, stews, and even tandoor-style breads, this clay kadhai serves as a versatile workhorse for everyday Indian cooking as well as festive meals. Its generous 2.5-liter capacity is perfect for family-sized portions, making it a practical choice for home chefs and professional cooks alike. Designed with careful attention to ergonomics, this earthen kadhai features smooth, rounded edges and comfortable handles that allow for a secure grip while cooking. The terracotta material naturally regulates temperature, keeping your food warm longer after serving, which is perfect for family gatherings and entertaining guests. Whether you are simmering a spicy south Indian curry, preparing a hearty north Indian dal, or experimenting with contemporary fusion dishes, this clay wok delivers outstanding results every time. Its traditional aesthetic also makes it a beautiful serving vessel that can go straight from stovetop to dining table. This handmade clay pot measures 31 x 26. VERSATILE CLAY WOK: This handmade terracotta kadhai is perfect for simmering curries, frying spices, preparing dals, and slow-cooking biryanis, making it an all-in-one traditional cookware for daily Indian meals. • NATURAL EARTHEN POT: Crafted from food-safe, chemical-free earthen clay, this healthy cookware eliminates metallic taste and preserves nutrients, delivering pure, earthy flavours in every dish cooked. • HANDCRAFTED DESIGN: Each clay kadhai is shaped with smooth, ergonomic handles and a wide mouth, offering comfortable handling, easy stirring, and a graceful presentation suitable for serving at dining table. • PREMIUM BUILD QUALITY: High-fired terracotta construction resists cracking and chipping with proper care, providing durable, long-lasting performance for years of regular stovetop and oven use. • EXACT SIZE AND WEIGHT: Measuring 31 x 26.5 x 16 cm and weighing 1590 g, this 2.5-liter clay wok is perfectly sized for family meals and stores conveniently in modern kitchens.",in stock,new,1274.00 INR,849.00 INR,https://www.indiabusinessinternational.online/p/clay-kadhai-2-5-liters-terracotta-earthen-kadhai-for-cooking-handmade-clay-wok/,https://drive.google.com/thumbnail?id=1q_9NokjvSU5JfICEKngWkFEroFPhw3B5&sz=w1600,"https://drive.google.com/thumbnail?id=15Q7kcpcl4kCJopyEtC17dF6EEHguPrjV&sz=w1600,https://drive.google.com/thumbnail?id=18Nm3B9SHvDD2qLrQzr5zuI9Il0KypvOh&sz=w1600,https://drive.google.com/thumbnail?id=12HUm1_X3DKDGxyaPw-xbVgVbrs53ZOVJ&sz=w1600,https://drive.google.com/thumbnail?id=15vH4mKht6yaJVQ4nAkmhVpbeXX8ikLN2&sz=w1600,https://drive.google.com/thumbnail?id=1c4y5jfccdAXU4BHeZi4ZRBNJzjXyWKvW&sz=w1600,https://drive.google.com/thumbnail?id=1DA9t_aCLep0KXI2O46M-OhFZv0btwF20&sz=w1600,https://drive.google.com/thumbnail?id=19rvEjIALm5SNMmHCbiephbUWc0t_bcIY&sz=w1600,https://drive.google.com/thumbnail?id=1CCFLZij3dhmoSUXhZb9Zkj5GKHjGQQHE&sz=w1600",iINTELLIGENCEi,home
PROD-IINTELLIGENCEI-979612,"iINTELLIGENCEi Clay Water Jug with Lid 800 ml, Handmade Terracotta Earthen Water Pitcher for Drinking, Natural Clay Pot for Cooling Water, Eco-Friendly Clay Kitchenware, Traditional Indian Pottery","Experience the timeless purity of traditional Indian pottery with the iINTELLIGENCEi Clay Water Jug, a premium handcrafted earthen vessel designed to elevate your daily hydration ritual. Made from natural, unglazed terracotta clay, this 800 ml pitcher naturally cools water to a refreshing temperature, offering a chemical-free alternative to plastic and metal containers. The porous clay structure enhances the water's mineral content, delivering a subtly earthy flavour that has been cherished for centuries across Indian homes. This versatile clay water pot is perfect for everyday drinking water, serving guests during meals, or storing Ayurvedic infused waters and herbal concoctions. Its compact design — measuring 14 x 11 x 18.5 cm and weighing just 693 g — makes it ideal for kitchen countertops, dining tables, office desks, or even bedside nightstands. Whether you are hosting a summer gathering or seeking a sustainable lifestyle upgrade, this terracotta water jug blends functionality with rustic elegance. Each jug is meticulously shaped by skilled artisans using age-old techniques, ensuring every piece carries a unique character and superior craftsmanship. The natural clay material is breathable, allowing evaporation that cools the water without electricity, making it an energy-efficient and eco-conscious choice. The included lid keeps your water covered and protected from dust and insects, while the sturdy handle and smooth spout enable effortless pouring and handling. Caring for your clay water pitcher is simple: rinse with clean water before first use and soak it thoroughly to activate the cooling properties. Avoid using soap, as clay absorbs odours; instead, clean with plain water and sun-dry. This durable earthen pot is suitable for daily use and ages gracefully, developing a beautiful patina over time. Embrace the heritage of Indian craftsmanship and bring home this premium clay kitchen essential that is as kind to the planet as it is to your well-being. VERSATILE EVERYDAY USE: Ideal for serving drinking water, storing infused beverages, or presenting refreshing drinks at meals; this 800 ml clay pitcher suits homes, offices, restaurants and • NATURAL TERRA COTTA: Handcrafted from pure, unglazed earthen clay, this water jug naturally cools its contents while adding beneficial minerals; free from chemicals and plastic, it supports a • ELEGANT DESIGN: Featuring a classic round body, smooth spout and secure lid, this ergonomic clay pot is comfortable to hold, pours without spills and looks premium on any table; rustic yet refined, • DURABLE HANDMADE BUILD: Fired at high temperatures for strength and longevity, this sturdy earthen pot resists everyday wear; its natural porosity promotes air cooling, and with proper care it • SPECIFICATIONS: Dimensions 14 x 11 x 18.",in stock,new,824.00 INR,549.00 INR,https://www.indiabusinessinternational.online/p/clay-water-jug-with-lid-800-ml-handmade-terracotta-earthen-water-pitcher-for/,https://drive.google.com/thumbnail?id=1ur9ozg7uMH-dI7HhdjFKNIAo4_Nx1u36&sz=w1600,"https://drive.google.com/thumbnail?id=1S-GnINzoDoUu1gad0ceukGZDzPRjWSYH&sz=w1600,https://drive.google.com/thumbnail?id=1rPL1Xt9kDOoAFR2weodTbzfSAJITA4Xf&sz=w1600,https://drive.google.com/thumbnail?id=1PGVO6G7HC29Bm5BFlF8suVSCfZJjF3Ay&sz=w1600,https://drive.google.com/thumbnail?id=1O-vW4vQT8SRLA7rYdqdqD-w9cz7rNW65&sz=w1600,https://drive.google.com/thumbnail?id=1Yjm6mu_zJvvOprDFJoDBAdWwPmjNHrju&sz=w1600,https://drive.google.com/thumbnail?id=1KVaPi3kzhEqAZS_S85C70Ri79Thk-Wtu&sz=w1600,https://drive.google.com/thumbnail?id=1Kvcq02m4RQ7xjGsWKa0MVCbXfQT2PcDT&sz=w1600,https://drive.google.com/thumbnail?id=1iz2j3WKNEoCPQJfem7Xsmpvs_czE3No3&sz=w1600",iINTELLIGENCEi,home-kitchen
PROD-IINTELLIGENCEI-087327,"iINTELLIGENCEi Clay Coffee Cups 375 ml, Terracotta Coffee Mug Handmade, Earthen Coffee Cup 12x8.5x9.5 cm, Rustic Pottery Mug, Eco-Friendly Natural Clay Cup for Tea & Coffee, Sustainable Kitchen","Embrace the timeless charm of traditional Indian craftsmanship with the iINTELLIGENCEi Clay Coffee Cups. Each terracotta coffee mug is handcrafted by skilled artisans in Kanyakumari, Tamil Nadu, using natural, unglazed clay that is fired at high temperatures. This earthen coffee cup set brings a luxurious, earthy aesthetic to your daily tea and coffee ritual while delivering a unique, rustic appeal that modern ceramic mugs simply cannot match. Whether you enjoy a hearty South Indian filter coffee in the morning or a soothing herbal tea in the evening, these natural clay cups elevate every sip. Each clay coffee mug holds a generous 375 ml of your favourite beverage, making it perfect for gourmet coffee, cappuccinos, latte, chai, or even warm soups and health drinks. The porous nature of the clay imparts an authentic, slightly earthy undertone to your drink, enriching the flavour profile naturally without any artificial additives. This handmade mug is ideal for eco-conscious homemakers, café owners, and anyone seeking sustainable drinkware that reduces reliance on plastic or glass. The dimensions of each cup are precisely 12 x 8.5 x 9.5 cm, offering a comfortable grip and a stable base that fits standard cup holders and saucers. Constructed from 100% natural terracotta clay, these cups are free from harmful chemicals, lead, and synthetic glazes, ensuring every sip remains pure and safe. The robust pottery construction provides excellent heat retention, keeping your beverages warm for longer periods. With a weight of 246 g per cup, the clay mug feels substantial yet not heavy, balancing elegance and practicality. The rustic, hand-glazed texture adds a premium artisanal look that complements modern, boho, or ethnic home décor styles. Caring for your clay coffee cups is simple: gently hand wash with cold water, avoid harsh detergents, and allow them to air dry completely. Over time, the cups naturally season, enhancing their beauty and performance. VERSATILE PRIMARY USE: Perfect for coffee, tea, chai, or cold beverages, these 375 ml clay mugs serve daily hydration needs with elegant style fit for homes, cafés, offices and gifting. • NATURAL EARTHEN MATERIAL: Crafted from chemical-free terracotta clay with a rustic hand-glazed finish, these eco-friendly mugs offer pure taste and unique artisanal appeal in every sip. • ERGONOMIC DESIGN: The 12 x 8.5 x 9.5 cm size provides a comfortable grip and balanced volume, making every teatime a luxurious experience without compromising on practicality. • DURABLE POTTERY CONSTRUCTION: High-fired natural clay delivers lasting strength for everyday use, resisting chips and cracks while preserving the authentic, traditional tactile feel. • EXACT SPECIFICATIONS: Each cup holds 375 ml, measures exactly 12 x 8.5 x 9.5 cm, and weighs 246g, offering generous capacity that is lightweight for effortless handling.",in stock,new,1499.00 INR,499.00 INR,https://www.indiabusinessinternational.online/p/clay-coffee-cups-375-ml-terracotta-coffee-mug-handmade-earthen-coffee-cup-12x8/,https://drive.google.com/thumbnail?id=1lRxZYBzy8U4mVmOvq2Vmo8z3O2SwAYJ-&sz=w1600,"https://drive.google.com/thumbnail?id=1Ca5Y2pWf4x98kvVs8fkToJzDquHwQq-K&sz=w1600,https://drive.google.com/thumbnail?id=1uNNX_Ty-_c4WzDfn9po3JwvwQlqW8ePd&sz=w1600,https://drive.google.com/thumbnail?id=1jhg8DCxZoROkJr0idVls2HsnICPwryST&sz=w1600,https://drive.google.com/thumbnail?id=1qFFXjd6dHuiv1ODg19h-_Z6O110TG5ZQ&sz=w1600,https://drive.google.com/thumbnail?id=16OkynoveT6kX6hdYoUOiVBVeqbbRGn3M&sz=w1600,https://drive.google.com/thumbnail?id=1TRHyazRZ7vH2HjnByYrjkbLJtpqQRIy_&sz=w1600,https://drive.google.com/thumbnail?id=1NVORwJ5nKbeRwEoaMxZWEmSj9XQVmIOK&sz=w1600,https://i.ibb.co/Pv40PjW0/b0bc7ff56239.jpg",iINTELLIGENCEi,home-kitchen
PROD-IINTELLIGENCEI-515018,"iINTELLIGENCEi Clay Bowl with Lid, Handmade Terracotta Earthen Serving and Storage Bowl for Kitchen, Eco-Friendly Pottery Bowl, Traditional Indian Tableware, Rustic Home","Elevate your dining and kitchen experience with the iINTELLIGENCEi Clay Bowl with Lid, a masterpiece of traditional Indian craftsmanship. Handcrafted from natural terracotta clay, this earthen bowl brings the purity of earthy charm to your modern home. Its rustic texture and warm tones make it not just a serving bowl but a piece of art that speaks of heritage and sustainable living. Ideal for serving salads, raita, curries, or storing dry snacks, this clay cookware piece enhances every meal with authentic wholesome touch. Designed as a versatile serving and storage bowl, this pottery bowl with lid is perfect for daily use, festive gatherings, and special occasions. The snug-fitting lid keeps food fresh and protects contents from dust and moisture. Use it as traditional tableware centerpiece or decorative accent in your kitchen. Its generous dimensions of 18 x 18 x 13 cm and weight of 1156 g ensure substantial sturdy feel, making it reliable companion for kitchen essentials. Crafted from high-quality food-safe earthen clay, this handmade clay bowl retains natural cooling properties of terracotta, helping keep food at ideal temperature. Unpolished and unglazed inside, it allows dishes to breathe, enhancing flavor. As eco-friendly kitchenware, it is free from harmful chemicals and toxins, safe for you and planet. Each bowl is carefully shaped and sun-dried, then fired to perfection, ensuring durability and longevity. The design celebrates earthy elegance with smooth rounded curves and matte finish. The lid adds functional elegance, whether serving family dinner or storing spices, grains, or homemade pickles. This storage bowl adds rustic sophistication to your kitchen. Lightweight yet robust construction makes it easy to handle, lid ensures food remains covered and fresh. Caring for this clay bowl is simple: hand wash with mild soap and water, air dry completely before storing. Avoid harsh detergents and prolonged soaking. VERSATILE SERVING BOWL: Use this earthen bowl for serving salads, rasam, curries, desserts, or storing dry snacks, spices, and more. Perfect for daily meals, parties, and festive occasions. • PREMIUM TERRA COTTA: Handmade from natural food-safe earthen clay, this pottery bowl retains cooling properties of terracotta, keeping food fresh and flavourful. • RUSTIC DESIGN ELEGANCE: The handcrafted rustic bowl features smooth matte finish with snug-fitting lid, adding traditional charm to your tableware. • DURABLE CLAY CONSTRUCTION: Fired to high strength, this handmade clay bowl offers excellent durability for daily use. • PERFECT SIZE AND WEIGHT: Measuring 18 x 18 x 13 cm and weighing 1156 g, this clay bowl with lid offers ample capacity for servings and storage while remaining easy to handle and display on",in stock,new,824.00 INR,399.00 INR,https://www.indiabusinessinternational.online/p/clay-bowl-with-lid-handmade-terracotta-earthen-serving-and-storage-bowl-for/,https://drive.google.com/thumbnail?id=1bsO7QywE41xmGiUpfr7NfuEIDGk3i_C2&sz=w1600,"https://drive.google.com/thumbnail?id=1ZEmiE3YxpukcQQabz1B6q7uoFZeuf3ZI&sz=w1600,https://drive.google.com/thumbnail?id=1nQHt9JDFRgGmrqsR86cKsQzUiqj0tCdK&sz=w1600,https://drive.google.com/thumbnail?id=1JYyg_NKkNb7PecEX1ByS-W_-juK6SCR3&sz=w1600,https://drive.google.com/thumbnail?id=18ZkBlItLb1exHPA-uQsfwYhhZwcg7zoo&sz=w1600,https://drive.google.com/thumbnail?id=1-NZoR9_yqbJvEB3ZOCcreDa_LZMb6xNk&sz=w1600,https://drive.google.com/thumbnail?id=1ymto4-kSDkw8Mj83XCnleleLSGTAr3Yd&sz=w1600,https://drive.google.com/thumbnail?id=16s4zVcNCLgmpoeOlUGRLWumnvtcwCixx&sz=w1600,https://drive.google.com/thumbnail?id=1eU6CL7PjRcmB_L8wpA9JEdJFJEZo4UYN&sz=w1600",iINTELLIGENCEi,home
PROD-IINTELLIGENCEI-329355,"iINTELLIGENCEi Dog Chain 170x2x2 cm, 400 gm, Metal Dog Leash Lead for Walking Training, Stainless Steel Chrome Plated Heavy Duty Pet Chain Collar, Outdoor Durable Pet Supplies for Medium Large Dogs","Presenting the iINTELLIGENCEi premium dog chain, a luxurious and sophisticated accessory designed for the modern Indian pet parent. This metal dog chain serves as a reliable leash, lead, and training chain, offering exceptional control during daily walks in bustling city streets or serene park trails. Crafted to combine style with function, this dog walking chain elevates every outing with your furry companion, reflecting a commitment to quality and care. Engineered for versatility, this durable dog chain supports multiple uses: as a primary walking lead for obedient strolls, a secure training chain for obedience sessions, and a sturdy tether for outdoor kennel or tie-out use. Whether you have a spirited Labrador, a sturdy German Shepherd, or a playful Golden Retriever, this heavy duty dog chain is built to handle the energy of medium and large breeds. Its robust construction ensures your pet stays safely restrained while you enjoy peace of mind. Constructed from high-grade stainless steel with a brilliant chrome finish, this pet leash resists rust, corrosion, and tarnishing, even in humid coastal climates like Kanyakumari or during monsoon rains. The smooth, interlocked links glide effortlessly without snagging fur, while the secure snap hook attaches firmly to any standard dog collar. This dog collar chain is not only functional but also adds a touch of elegance to your pet's appearance. With precise dimensions of 175 × 2 × 2 cm and a lightweight weight of 400 g, this dog chain offers the perfect balance of strength and manageability. The 170 cm length provides ample freedom for your dog to explore, while the 2 cm width ensures a comfortable grip for you. Compact and portable, it stores easily in a bag or drawer, making it an ideal companion for travel, vet visits, or outdoor adventures. Caring for this dog walking chain is effortless: simply wipe with a dry cloth after use to maintain its lustre. VERSATILE USE CASES: Perfect for daily dog walking, obedience training, and secure tethering at home or outdoors, this multi-purpose dog chain suits medium and large breeds with dependable performance. • PREMIUM MATERIAL BUILD: Crafted from rust-resistant stainless steel with a luxurious chrome plating, this dog leash withstands harsh weather and frequent use while maintaining a polished, premium appearance. • COMFORTABLE DESIGN: The smooth interlocked links prevent fur snagging, and the 2 cm width offers a firm, comfortable grip, ensuring pleasant walks and training sessions for both pet and owner. • HEAVY DUTY DURABILITY: Built with robust metal links and a sturdy snap hook, this dog chain resists bending, breaking, and corrosion, delivering long-lasting reliability even with energetic pulling. • EXACT SPECIFICATIONS: Measuring 175 × 2 × 2 cm and weighing 400 g, this lightweight yet strong dog chain lead provides optimal control and portability for everyday pet care and travel.",in stock,new,749.00 INR,299.00 INR,https://www.indiabusinessinternational.online/p/dog-chain-170x2x2-cm-400-gm-metal-dog-leash-lead-for-walking-training-stainless/,https://drive.google.com/thumbnail?id=1J2nk81C7nu6LSly8WB6k1ralV9A_i6dt&sz=w1600,"https://drive.google.com/thumbnail?id=1iX5JXOzLSv7Gw7xX-8B8LWkcX1KgFOnM&sz=w1600,https://drive.google.com/thumbnail?id=14Gzx_Bb7X7K6L750umg4e3JpMo6rHyAB&sz=w1600,https://drive.google.com/thumbnail?id=18WJ00SIdpBz5jGBAgoT0hrHa5fAps4SZ&sz=w1600,https://drive.google.com/thumbnail?id=1pPiOcVMi57MzCVssBxcc5wNczjSq7LzJ&sz=w1600,https://drive.google.com/thumbnail?id=1-ax4H8AKiRtpO6tq6RlvGCBftHUtk6GY&sz=w1600,https://drive.google.com/thumbnail?id=1YCyVcF0bR5n84ONjCL4Gybr7Aa8tKnLb&sz=w1600,https://drive.google.com/thumbnail?id=1pQRPHuSzg0v7bEDUZBuq8P-YH5Sv_LKE&sz=w1600,https://drive.google.com/thumbnail?id=1YsyTpUtkoiB1vuqdGVEzFVtZnpsemrgH&sz=w1600",iINTELLIGENCEi,pets-accessories
PROD-IINTELLIGENCEI-380158,"iINTELLIGENCEi Stone Diya for Pooja, 7x6.5x4.5 cm Natural Stone Oil Lamp, Handmade Deepam for Diwali, Temple & Home Decoration, 233 g Religious Gift","This exquisite Stone Diya from iINTELLIGENCEi brings timeless tradition and divine elegance to your sacred spaces. Carved from natural stone, this handmade deepam is designed to hold ghee or oil and a cotton wick, casting a warm, steady glow during daily prayers, festivals, and special ceremonies. Its earthy texture and classic silhouette make it a beautiful addition to home temples, mandirs, and meditation corners, enhancing the spiritual ambience of any room. Perfect for Diwali, Navratri, Karthigai Deepam, and everyday puja rituals, this versatile stone oil lamp serves as both a functional offering vessel and a decorative handicraft. Place it on your altar, near a deity idol, or at the entrance of your home during festive occasions to welcome positivity and prosperity. It also makes a thoughtful gift for housewarmings, weddings, or religious celebrations, appealing to devotees and art lovers alike. Each diya is carefully shaped and finished by skilled artisans, celebrating the natural beauty of the stone with minimal polishing to retain its organic character. The compact dimensions of 7 × 6.5 × 4.5 cm and a weight of 233 g make it easy to handle, store, and display. Despite its modest size, the sturdy construction ensures long-lasting use, whether placed indoors or in a sheltered outdoor prayer nook. Caring for this stone deepam is simple: wipe clean with a dry cloth after use, and avoid harsh detergents to preserve the natural surface. With proper maintenance, the diya remains a cherished part of your devotional practice for years. This premium stone handicraft is a perfect blend of functionality and artistry, making it a must-have for every Indian home that honours tradition. Whether you are a devotee seeking a reliable puja lamp or a collector of authentic Indian handicrafts, this stone diya fulfils your needs with grace. Its neutral, natural tone complements any decor, while its sturdy base prevents tipping during use. VERSATILE POOJA LAMP: Ideal for daily aarti, Diwali celebration, Karthigai Deepam, and temple rituals; suits both ghee and oil wicks, bringing sacred glow to home mandirs and meditation corners. • PREMIUM NATURAL STONE: Hand-carved from genuine stone with a smooth, earthy finish, offering a luxurious, authentic feel that blends rustic charm with premium craftsmanship for your sacred space. • STURDY & BALANCED DESIGN: Firm flat base prevents tipping; wide oil-holding bowl allows safe burning, ensuring steady flame during long prayers, festivals, and decorative display without mess or worry. • LONG-LASTING HANDICRAFT: Built for years of religious use; natural stone resists wear, heat, and cracking, making this temple diya a durable heirloom that survives repeated festive seasons and daily worship. • EXACT SPECIFICATIONS: Compact 7 x 6.5 x 4.5 cm dimensions and light 233 g weight allow easy placement, storage, and portability, perfect for home altars, travel puja kits, and gifting occasions.",in stock,new,1425.00 INR,450.00 INR,https://www.indiabusinessinternational.online/p/stone-diya-for-pooja-7x6-5x4-5-cm-natural-stone-oil-lamp-handmade-deepam-for/,https://drive.google.com/thumbnail?id=1VHUFUIRAQsCMOixhyjY3RIgrf8EokqDg&sz=w1600,"https://drive.google.com/thumbnail?id=19Y28rXBn4XGjubQJkzwslhXoPn2m9NlR&sz=w1600,https://drive.google.com/thumbnail?id=1E2W1xPq3J6iI0kqIK-Eqgu7x6Zp3Rf-9&sz=w1600,https://drive.google.com/thumbnail?id=1nVMtCQ0py0GxsjjLgpIFqNf396RhEHy4&sz=w1600,https://drive.google.com/thumbnail?id=1IoghpRJTKYtILQVRCBqCzx2iLnPkQCIF&sz=w1600,https://drive.google.com/thumbnail?id=1TxLvJEpYwkRo81B4zfr3d3Xp8spoz0-4&sz=w1600,https://drive.google.com/thumbnail?id=12PWg5SLpqrFCZQB0J8zFpt3V23d0icCZ&sz=w1600,https://drive.google.com/thumbnail?id=1cSmSnJQ5psaLNmSSXit_A_IgOCi_DKTj&sz=w1600,https://drive.google.com/thumbnail?id=1_RugARRtTAeyXfbM6JQt2EI6fhvErgzl&sz=w1600",iINTELLIGENCEi,home-pooja
PROD-IINTELLIGENCEI-071345,iINTELLIGENCEi Rat Trap Iron Spring Type Mouse Catcher Rodent Control Heavy Duty Metal Reusable Trap for Home Warehouse Garden Pest Control 39 x 15.5 x 12.5 cm 491 g,"Experience the pinnacle of rodent management with the iINTELLIGENCEi Iron Rat Trap, a premium spring-type solution engineered for uncompromising performance. Crafted from robust iron, this mechanical trap delivers swift, humane dispatch of rats and mice, making it an indispensable tool for homes, warehouses, godowns, farms, and commercial establishments across India. Its powerful spring mechanism ensures a high strike rate, instantly capturing rodents to protect your valuables from gnawing, contamination, and infestation. Designed for versatility, this metal rat trap excels in diverse environments—from kitchen corners and storage rooms to sprawling warehouse floors and garden perimeters. Its sturdy construction withstands repeated use, offering a reusable pest control solution that outperforms flimsy plastic alternatives. The trap's heavy-duty build resists bending, snapping, and wear, ensuring long-term reliability even in demanding settings like poultry farms, mills, and grain stores. Precision-engineered dimensions of 39 x 15.5 x 12.5 cm provide ample coverage while allowing discreet placement along walls, under shelves, or in tight spaces where rodents frequent. The generous trigger plate and sensitive mechanism ensure quick activation, while the iron construction delivers an effective snap that eliminates pests efficiently. Weighing just 491 g, it offers a solid, balanced feel without being cumbersome to position or relocate. Maintenance is effortless—simply wipe clean with a damp cloth after each catch. The rust-resistant iron surface endures humid Indian climates, ensuring prolonged service. For households with children or pets, place the trap in areas inaccessible to non-target animals. This trap is suitable for catching mice, bandicoots, and various rodent species, providing a humane yet definitive answer to infestations. VERSATILE RODENT CONTROL: Effective for trapping rats, mice, and bandicoots in homes, kitchens, godowns, warehouses, and farms—delivering a swift, humane kill that safeguards stored grains, crops, • PREMIUM IRON BUILD: Constructed from heavy-duty iron with a sturdy, rust-resistant surface, this metal trap endures rigorous daily use in humid Indian climates, providing lasting strength and • SPRING ACTION MECHANISM: The powerful spring-loaded trigger snaps instantly on contact, ensuring a high capture rate. • SPACE-SAVING DESIGN: Its flat, elongated profile allows placement along walls, under furniture, or in narrow corners. • OPTIMUM SIZE AND WEIGHT: Measuring 39 x 15.5 x 12.5 cm and weighing 491 g, this trap is substantial yet easy to handle.",in stock,new,1499.00 INR,599.00 INR,https://www.indiabusinessinternational.online/p/rat-trap-iron-spring-type-mouse-catcher-rodent-control-heavy-duty-metal/,https://drive.google.com/thumbnail?id=1jc0TBCW1SVNTXRG0F6gt_kVbE5bY8_9g&sz=w1600,"https://drive.google.com/thumbnail?id=1SoYMTUUtzPgwneEnjearJNkK6xzdqZAO&sz=w1600,https://drive.google.com/thumbnail?id=1n0HCj5QGwGGNPZfDBO7h2Q4yle92wZGW&sz=w1600,https://drive.google.com/thumbnail?id=1eZdpW2dwBvHcIhyoHI-uhdcaG-VBCO9P&sz=w1600,https://drive.google.com/thumbnail?id=1xxe1fdvDmMuKM7GG2pT_b-WQAa698mT7&sz=w1600,https://drive.google.com/thumbnail?id=1A-Q5169YUZWP_XICqs45Li8szBb05F_7&sz=w1600,https://drive.google.com/thumbnail?id=1z-65q4mD0EKiOaZYR_zsffmkQfRETiR5&sz=w1600,https://drive.google.com/thumbnail?id=1QnFG3T2JskshZoxjyccb0Py7qiUigwaf&sz=w1600,https://drive.google.com/thumbnail?id=176at-wg06m_P2lxXaUcyuv2sCY_Xmpco&sz=w1600",iINTELLIGENCEi,pets-accessories
PROD-IINTELLIGENCEI-779450,"iINTELLIGENCEi Aari Work Stand Iron Embroidery Frame Stand for Zardozi Hand Embroidery, Adjustable Aari Stitching Stand, Heavy Duty Metal Craft Stand for Tailoring Boutique Sewing Accessories,","Introducing the iINTELLIGENCEi Aari Work Stand, a premium iron embroidery stand designed to elevate your craft with stability and precision. Crafted from high-grade iron, this robust stand provides a solid foundation for aari work, zardozi embroidery, and hand embroidery, ensuring your fabric remains taut and secure while you create intricate designs. Its heavy-duty construction minimises vibrations, allowing for smooth and controlled stitching, whether you are a professional artisan or a passionate hobbyist. This versatile embroidery frame stand is perfect for a wide range of applications, including aari stitching, zardozi work, mirror work, bead embroidery, and traditional Indian hand embroidery. The stand’s sturdy frame holds your embroidery hoop or cloth firmly in place, freeing both hands for rapid, precise needlework. Ideal for boutique owners, tailoring professionals, textile designers, and craft enthusiasts across India, this stand transforms any tabletop into a professional embroidery workstation, enhancing productivity and reducing hand fatigue during long crafting sessions. Engineered with user comfort in mind, the iron aari stand features a thoughtful design that allows for comfortable positioning of your work. The dimensions of 48.5 × 48.5 × 34 cm provide ample working space while maintaining a compact footprint suitable for home studios and small boutiques. Weighing just 1353 grams, this aari stitching stand is lightweight enough to move between work areas, yet heavy enough to stay firmly planted while you work. The iron construction ensures long-lasting durability, resisting bending, warping, and wear, even with intensive daily use. Maintenance is effortless — simply wipe the stand with a dry cloth to remove dust, and store it in a dry place to keep it in pristine condition. The stand is compatible with most standard embroidery hoops and frames, making it a versatile addition to your sewing accessories collection. VERSATILE EMBROIDERY STAND: Perfect for aari work, zardozi, hand embroidery, mirror work and bead work, this iron stand holds fabric securely for both hands-free stitching, boosting speed and • PREMIUM IRON BUILD: Fashioned from high-grade iron, this embroidery frame stand offers exceptional rigidity and stability, minimising vibrations during needlework and providing a solid feel that • ERGONOMIC CRAFT DESIGN: Thoughtfully engineered for comfortable use, the stand keeps your fabric at an ideal angle and height, reducing neck and shoulder strain, making long stitching sessions more • DURABLE LONG-LASTING: The sturdy iron frame resists bending, warping and daily wear, ensuring reliable performance for years of intensive embroidery work in boutiques, tailoring shops and home • COMPACT DIMENSIONS: Measuring 48.5 × 48.",in stock,new,1424.00 INR,949.00 INR,https://www.indiabusinessinternational.online/p/aari-work-stand-iron-embroidery-frame-stand-for-zardozi-hand-embroidery/,https://drive.google.com/thumbnail?id=1W67Y_fGkybaqWSiSSU-OCJ3lkbqE_FjE&sz=w1600,"https://drive.google.com/thumbnail?id=13DCaR_7rMtP0K2tBpmJss-Kha5E-4y5D&sz=w1600,https://drive.google.com/thumbnail?id=1gKtxKnnvvx6CZl8Xq4rQf2Z0r7tM_0QM&sz=w1600,https://drive.google.com/thumbnail?id=1ASpQFOShCCNBtmVd_pK5dYdUfIy-IZFd&sz=w1600,https://drive.google.com/thumbnail?id=17jG9luS9pqDWu31Fh0JTlytJxb56XrnW&sz=w1600,https://drive.google.com/thumbnail?id=1bQ_mCkNy2RACVesBN78DWfkzfoHSSx_c&sz=w1600,https://drive.google.com/thumbnail?id=1dBWN7ehS5QE4S5SzHj9y2SvqdK_X5QGS&sz=w1600,https://drive.google.com/thumbnail?id=1J1OSQpYID-YWPEMITnU_laCxizGUn44d&sz=w1600",iINTELLIGENCEi,home-tools
PROD-IINTELLIGENCEI-430839,"iINTELLIGENCEi Sack Needle 20x0.5x0.5 cm, 16 gm, Heavy Duty Bag Stitching Needle for Jute, Burlap, Canvas, Packing Needle for Agricultural Sacks, Industrial Sewing, Repair Tool, Hand Sewing Accessory","Introducing the iINTELLIGENCEi Sack Needle, a precision-engineered heavy duty stitching tool crafted for demanding packing and repair tasks across India’s agricultural and industrial sectors. This robust needle is designed to pierce through tough materials like jute sacks, burlap bags, canvas covers and woven polypropylene with effortless ease, making it an indispensable packing needle for farmers, warehouse operators, grain merchants and logistics professionals. Primary use centres on stitching closed the mouths of filled bags to protect contents from spillage, moisture, pests and theft. Secondary applications include repairing torn gunny sacks, re-sewing canvas tarpaulins, mending cloth storage containers, and undertaking general heavy duty hand sewing in workshops, godowns and homes. Its elongated 20 cm body provides excellent leverage, allowing precise control and consistent stitch formation even when working with thick, coarse textiles. Constructed from high-quality hardened steel, this industrial sewing needle resists bending, snapping and corrosion despite prolonged exposure to humidity. The polished, smooth surface reduces friction, enabling the needle to glide through dense fibres without snagging or tearing, ensuring clean, tight stitches that safeguard valuable commodities. Each needle weighs a mere 16 grams, striking an ideal balance between sturdiness and fatigue-free handling. Exact dimensions measure 20 cm in length, 0.5 cm in width and 0.5 cm in thickness, tailored to accommodate standard jute and burlap thread gauges. This versatile bag repair needle is equally suited to agricultural tool kits, tailoring studios and emergency repair kits for vehicles or outdoors. Whether you are a professional packer or a home user mending a rice sack, this needle delivers premium reliability. Care instructions are simple: wipe clean after each use and store in a dry, cool place. VERSATILE SACK STITCHING: Ideal for closing and repairing jute sacks, burlap bags, canvas covers and woven sacks, this needle supports farming, warehousing and packaging applications. • PREMIUM STEEL BUILD: Forged from hardened steel, this heavy duty needle resists bending and corrosion, ensuring consistent piercing power through coarse fibres for years of use. • ERGONOMIC LONG DESIGN: The 20 cm slender profile offers superb grip and torque, enabling comfortable hand sewing without slip, reducing hand strain during long packing sessions. • DURABLE CONSTRUCTION: Built to withstand repeated heavy duty use in humid and dusty environments, this needle maintains integrity for repairing bags and tarpaulins. • COMPACT SPECIFICATIONS: Measuring 20 x 0.5 x 0.5 cm and weighing 16 g, this lightweight yet sturdy needle is easy to store, carry and handle for on-the-go repairs.",in stock,new,374.00 INR,199.00 INR,https://www.indiabusinessinternational.online/p/sack-needle-20x0-5x0-5-cm-16-gm-heavy-duty-bag-stitching-needle-for-jute-burlap/,https://drive.google.com/thumbnail?id=1j7X2koFYOe5jq0J6w8tspG8YcbuixRnr&sz=w1600,"https://drive.google.com/thumbnail?id=1RAYSc_iAmoKb5nx2a653QL5MYy-7K7oi&sz=w1600,https://drive.google.com/thumbnail?id=13Iq8sDAtzBSaJn6R86tAIKRKLon6gwyE&sz=w1600,https://drive.google.com/thumbnail?id=1tfA6J-V1Wh9eh0T-TSP6kSx48fg7q2CM&sz=w1600,https://drive.google.com/thumbnail?id=1N_ybQEBLzfjp3N0MQ_sE-RDJECW2pZx_&sz=w1600,https://drive.google.com/thumbnail?id=1KBlUzDL7nlgkatbYyfvdRYYHMu74KwRu&sz=w1600,https://drive.google.com/thumbnail?id=1YubLoT7XLmtoJElNevEiLpkRFDAXnGdH&sz=w1600,https://drive.google.com/thumbnail?id=1KvCs7ap5YhGelBZPVuYjjgW5x08Vp83h&sz=w1600,https://drive.google.com/thumbnail?id=1i9sYSynPc_6eTISfFZXQ1kBkL1_j8G5M&sz=w1600",iINTELLIGENCEi,home-tools
PROD-IINTELLIGENCEI-975452,"iINTELLIGENCEi Sun Dried Cow Dung Manure Organic Fertilizer for Plants, 500g 1kg 2kg 3kg, Natural Compost Soil Conditioner for Home Garden, Terrace Gardening, Vegetables, Flowers","Discover the essence of premium organic gardening with iINTELLIGENCEi Sun Dried Cow Dung Manure, a superior natural fertilizer crafted from pure, sun-dried cow dung. This organic compost enriches the soil with essential nutrients, improving soil structure and promoting vigorous plant growth. Ideal for home gardening, terrace gardening, and kitchen gardens, this cow dung powder is perfect for vegetables, flowering plants, herbs, and ornamentals, ensuring lush greenery and abundant blooms. Our sun-dried cow dung manure is a time-honored soil conditioner that enhances microbial activity and increases the soil's water retention capacity. Unlike chemical fertilizers, this natural plant food releases nutrients slowly and steadily, providing a sustained supply of nitrogen, phosphorus, and potassium. It improves aeration and root development, making it an excellent organic plant food for raised beds, pots, and ground planting. Use it to prepare potting mixes, amend garden soil, or top-dress existing plants for a nutrient boost. With natural origins and a fine, powdery texture, this cow dung powder is easy to apply and quickly incorporates into the soil. The sun-drying process ensures reduced moisture content, making it lightweight and convenient to store, while preserving the beneficial organic matter. This garden manure is perfect for organic farming enthusiasts and eco-conscious gardeners who seek sustainable solutions. Available in convenient sizes of 500 g, 1 Kg, 2 Kg, and 3 Kg, this versatile fertilizer suits a range of gardening needs. The product weight options allow you to choose the right quantity for your terrace garden, balcony pots, or larger vegetable patches. For best results, mix 1 part manure with 3 parts soil for new plantings, or apply as a side dressing around established plants. Water thoroughly after application to activate nutrients. VERSATILE GARDEN MANURE: Ideal for vegetables, flowers, herbs, and houseplants, this organic fertilizer works perfectly in raised beds, pots, and direct soil, enhancing growth across home and terrace gardens. • PURE ORGANIC COMPOST: Made from naturally sun-dried cow dung, this natural fertilizer enriches soil with beneficial microbes, improving soil health without synthetic chemicals, ensuring safe edible gardening. • EASY TO USE PLANT FOOD: Fine cow dung powder blends effortlessly into potting mix or topsoil, releasing nutrients slowly for steady uptake, making it a convenient soil conditioner for all plant types. • SUSTAINABLE SOIL CONDITIONER: This organic compost improves soil aeration, drainage, and moisture retention, supporting strong root systems and vigorous plant growth season after season. • SIZES FOR EVERY GARDEN: Available in 500 g, 1 Kg, 2 Kg, and 3 Kg packs, this garden manure offers flexible quantities to suit small pots to larger vegetable beds with ease.",in stock,new,674.00 INR,250.00 INR,https://www.indiabusinessinternational.online/p/sun-dried-cow-dung-manure-organic-fertilizer-for-plants-500g-1kg-2kg-3kg/,https://drive.google.com/thumbnail?id=1uARZZc7YtLf9g6fTe6XGkzBTSz24Yj2G&sz=w1600,"https://drive.google.com/thumbnail?id=1ylcACv0ilSedIc2JS9BVF9Um4W9Wv5DX&sz=w1600,https://drive.google.com/thumbnail?id=1TBoZbXDjAk5tGe8ZSxRIL7MlSL2ccXlD&sz=w1600,https://drive.google.com/thumbnail?id=1tKI-xkgi4BpzP9MKRCqWYNFSjOHs0ggN&sz=w1600",iINTELLIGENCEi,home-garden
PROD-IINTELLIGENCEI-675994,"iINTELLIGENCEi Original Mango Leaves Thoranam 91.44x15x2 cm 55 gm 1 Qty, Natural Dried Mango Leaf Toran for Door Hanging, Pooja Decoration, Festival Decor, Home Entrance, Wedding, Housewarming","Adorn your home with the sacred elegance of iINTELLIGENCEi Original Mango Leaves Thoranam, a premium traditional Indian decor piece crafted from naturally dried mango leaves. Measuring 91.44 x 15 x 2 cm and weighing just 55 gm, this exquisite toran brings the divine essence of mango leaf toran to your doorstep, symbolising prosperity, positivity, and auspiciousness. Ideal for door hanging, this mango leaves toran transforms your entrance into a welcoming haven, perfect for daily pooja, festivals like Diwali, Navratri, and Ganesh Chaturthi, as well as weddings, housewarming ceremonies, and cultural gatherings. Each thoranam is meticulously handcrafted with authentic dried mango leaves, preserving the natural texture and subtle earthy aroma that devotees cherish. The generous 91 cm length ensures a grand presence on standard Indian door frames, while the 15 cm height and 2 cm depth offer a balanced, eye-catching silhouette. The lightweight 55 gm construction allows for effortless hanging using the attached thread or simple hooks, without any damage to the door. This natural leaf decoration is a beautiful alternative to plastic torans, providing an organic, luxurious touch that aligns with traditional Vastu and religious practices. Versatile and meaningful, this mango leaf toran serves as the perfect pooja accessory for daily prayers, festive decorations, and auspicious occasions. Use it as a door decoration for welcoming guests during weddings, housewarming (griha pravesh), birthdays, or religious processions. The natural green-brown hue of the dried leaves complements any colour scheme, adding a rustic yet premium charm to your home entrance decor. It also makes an ideal gift for friends and family, spreading blessings and warmth during festive seasons. Crafted with durability in mind, the leaves are naturally dried and lightly reinforced to maintain their shape, ensuring the toran remains intact for multiple uses across seasons. POOJA AND FESTIVAL DECOR: Perfect for door hanging, this mango leaves thoranam enhances home entrance decor for Diwali, Navratri, Ganesh Chaturthi, and daily pooja. • NATURAL DRIED LEAVES: Crafted from authentic dried mango leaves, this toran offers an organic, fragrant touch that artificial plastic torans cannot match. • PREMIUM TRADITIONAL DESIGN: This 91 cm long thoranam adds an auspicious, luxurious charm to weddings, housewarming, and festive celebrations, preserving Indian heritage. • DURABLE CONSTRUCTION: Naturally dried and reinforced leaves stay intact across multiple festive seasons, resisting breakage when stored carefully in dry conditions. • LIGHTWEIGHT AND SPACIOUS: Measuring 91.44 x 15 x 2 cm and weighing just 55 gm, this toran is easy to hang on any standard Indian door frame.",in stock,new,449.00 INR,199.00 INR,https://www.indiabusinessinternational.online/p/original-mango-leaves-thoranam-91-44x15x2-cm-55-gm-1-qty-natural-dried-mango/,https://drive.google.com/thumbnail?id=1CAutzLmAV2sKcH6R1DY0s8BnuDEnjSWP&sz=w1600,"https://drive.google.com/thumbnail?id=1R-0QcA7x2nNh09OXa4voPBT9PTLK8ebR&sz=w1600,https://drive.google.com/thumbnail?id=1CqxfpKGwzYK4QpOfxXticJXw4a9khvgi&sz=w1600,https://drive.google.com/thumbnail?id=1p3Dkdb7ZfXHg0jBHrLgcXCKtizsLN2OV&sz=w1600,https://drive.google.com/thumbnail?id=15pVLrEV1oR2nKeDdKW0J1zRdriaCWBK9&sz=w1600,https://drive.google.com/thumbnail?id=1KU-lmWuMx9DEcxzZTDa0qAjZmnD25ZHn&sz=w1600,https://drive.google.com/thumbnail?id=1fRH2yZiI2CuNcngWqXYyQCGEmcnZLD09&sz=w1600,https://drive.google.com/thumbnail?id=1ZUp9wL5-ZT21VCOn3PFfk19_Q6swg5T-&sz=w1600,https://drive.google.com/thumbnail?id=1lLLw4zoZyhoTybE9izO7WvMVrd-K0X7k&sz=w1600",iINTELLIGENCEi,home-decor
PROD-IINTELLIGENCEI-779417,"iINTELLIGENCEi Stainless Steel Idiyappam Maker, 20 x 6.5 x 15 cm, 521 g, String Hopper Press, Sevai Maker, Rice Noodle Maker, Manual Kitchen Tool for South Indian Cooking, 1 Qty","Elevate your South Indian culinary experience with the iINTELLIGENCEi Stainless Steel Idiyappam Maker, a premium kitchen essential designed for authentic string hopper preparation at home. This manual noodle maker transforms rice flour dough into delicate, evenly textured idiyappam, sevai, and rice noodles with effortless control, making it a must-have tool for traditional breakfasts, festive meals, and everyday comfort food. Crafted from high-grade stainless steel, this idiyappam press offers exceptional durability, corrosion resistance, and food-safe hygiene, ensuring years of reliable service in Indian kitchens. The sturdy construction withstands repeated pressing and cleaning, while the smooth surface prevents dough from sticking, allowing for seamless operation. Whether you are preparing soft idiyappam for your family or experimenting with savoury sevai dishes, this versatile tool delivers consistent results every time. The ergonomic design features a comfortable handle and a well-balanced body, reducing hand fatigue even during extended use. With dimensions of 20 x 6.5 x 15 cm and a weight of 521 g, this compact sevai maker is easy to store in any drawer or cabinet, yet substantial enough to provide stability during pressing. The included die plate produces fine, uniform noodles that cook quickly and absorb flavours beautifully, making it perfect for pairing with coconut milk, spicy kurma, or sweet jaggery. Easy to clean and maintain, this idiyappam maker requires simple hand washing with mild detergent and warm water. Its rust-resistant finish ensures long-lasting shine and performance, even in humid coastal climates. Ideal for home cooks, professional chefs, and those new to South Indian cuisine, this stainless steel kitchen tool is a thoughtful addition to any modern kitchen or a premium gift for cooking enthusiasts. From daily breakfasts to festive celebrations, this maker brings authentic taste and convenience to your countertop. VERSATILE USES: Prepare authentic idiyappam, string hoppers, sevai, and rice noodles for breakfast, snacks, and festive meals with this all-in-one manual noodle press suited for everyday home cooking. • PREMIUM MATERIAL: Made from high-grade stainless steel that resists rust and corrosion, ensuring food-safe hygiene, durability, and a premium look that complements any modern kitchen decor. • ERGONOMIC DESIGN: The comfortable non-slip handle and balanced body reduce hand strain during pressing, while smooth dough flow delivers consistent, fine noodles without clogging for effortless use. • DURABLE BUILD: Heavy-duty construction withstands daily pressing and rigorous cleaning, maintaining its structural integrity and smooth finish even after repeated use in busy Indian households. • COMPACT SPECS: Measuring 20 x 6.5 x 15 cm and weighing 521 g, this lightweight yet sturdy idiyappam maker stores easily and offers stable handling for perfect results every time.",in stock,new,1124.00 INR,749.00 INR,https://www.indiabusinessinternational.online/p/stainless-steel-idiyappam-maker-20-x-6-5-x-15-cm-521-g-string-hopper-press/,https://drive.google.com/thumbnail?id=1hH_SbuC4KT-cK3mEW6yWOdRMmzQUEUKm&sz=w1600,"https://drive.google.com/thumbnail?id=19qkKJoMW4HlmrRiDm-rMUVxymi1KmLLF&sz=w1600,https://drive.google.com/thumbnail?id=1mYTW4b6S6NH-8tMXho4lyLgmCIIGlwcb&sz=w1600,https://drive.google.com/thumbnail?id=1FVcT2S86O9IVS4yOHrKjdIglinoUf_S2&sz=w1600,https://drive.google.com/thumbnail?id=1OHedl2cs3czdL9gw5QWdavffKkI9u39V&sz=w1600",iINTELLIGENCEi,home
PROD-IINTELLIGENCEI-840706,"iINTELLIGENCEi Stainless Steel Saucepan 2 Litre, 35x18.5x15.5 cm, 523 gm Milk Pan, Cooking Pot for Tea Coffee Soup, Steel Boiling Pan, Kitchen Cookware with Lid, 1 Piece","Experience the pinnacle of kitchen sophistication with the iINTELLIGENCEi Premium Stainless Steel Saucepan. Crafted for the discerning Indian home chef, this 2-litre cooking pan combines luxurious aesthetics with exceptional everyday performance. Ideal for simmering rich gravies, preparing fluffy rice, boiling milk without scorching, and brewing aromatic tea or filter coffee, it transforms daily cooking into a seamless ritual. The sleek steel finish adds a touch of elegance to any kitchen, while its robust build ensures enduring service for years. Engineered from high-grade stainless steel, this steel saucepan offers excellent heat distribution and quick, even cooking. The 35 cm length with wide cooking surface accommodates generous portions for family meals, while the 18.5 cm height provides ample depth for soups and stews. Weighing a mere 523 grams, the pot is effortlessly manoeuvrable, allowing controlled pouring and comfortable handling even when full. Its lightweight profile makes it a preferred choice for elderly users and those with limited wrist strength. Beyond its primary role, this versatile steel cooking pot excels as a dedicated milk pan for everyday use. Its smooth, non-porous interior prevents milk from sticking and makes cleaning a breeze—just a quick rinse and wipe. The sturdy steel construction resists rust, corrosion, and staining, preserving the pan's pristine appearance even after years of regular cooking. Suitable for all Indian stovetops, including gas, electric, and induction, this saucepan adapts effortlessly to diverse kitchen setups. For busy households, the saucepan's ergonomic design includes comfortable, heat-resistant handles that stay cool during stovetop cooking, ensuring safe and secure grip. The flared rim facilitates drip-free pouring, minimising mess when transferring hot liquids. VERSATILE COOKING PAN: Perfect for boiling milk, making tea or coffee, preparing soups, gravies and rice; handles all daily stove-top cooking in Indian kitchens with ease. • PREMIUM STEEL QUALITY: Made from high-grade food-safe stainless steel that resists rust, corrosion and stains, preserving shine and flavour for every family meal. • ERGONOMIC HANDLES: Comfortable stay-cool handles provide a secure, firm grip while cooking, and the flared rim ensures drip-free pouring for a mess-free stove area. • DURABLE CONSTRUCTION: Robust welded joints and sturdy steel body offer lasting strength and shape retention, enduring high-heat cooking and frequent daily use. • EXACT DIMENSIONS: Measures 35x18.5x15.5 cm and weighs only 523 g, making it lightweight, easy to handle and compact for convenient kitchen storage.",in stock,new,1274.00 INR,849.00 INR,https://www.indiabusinessinternational.online/p/stainless-steel-saucepan-2-litre-35x18-5x15-5-cm-523-gm-milk-pan-cooking-pot/,https://drive.google.com/thumbnail?id=1fia7nhHLtoiMl95-yhhwHxIbOJ2Ahxyf&sz=w1600,"https://drive.google.com/thumbnail?id=1tL7W8bJiRp8KN6SVbfKhzgn50c20el94&sz=w1600,https://drive.google.com/thumbnail?id=11_kCvIdhtERkblfH9KWJCiiXNYKWfUQ1&sz=w1600,https://drive.google.com/thumbnail?id=1zDt6k9Gd6tBkBjKMWMvIIFoycxCNq8R3&sz=w1600,https://drive.google.com/thumbnail?id=1npL80x1PN9nLGtJZfEDGm1Qwpb6w_b5F&sz=w1600,https://drive.google.com/thumbnail?id=1olOd73GjFpFbPaUSEx3_1-OTkpT55_QG&sz=w1600,https://drive.google.com/thumbnail?id=1LyJSUI3BkECRXT5RIFI-dsM5iB9KBiKz&sz=w1600,https://drive.google.com/thumbnail?id=1SGDNpingLrclTDE_fx0ClMrirdnthLTt&sz=w1600,https://drive.google.com/thumbnail?id=1p05IxzfhDkzfIoTXDWSVgbbmoUruZYJ7&sz=w1600",iINTELLIGENCEi,home-cookware
PROD-IINTELLIGENCEI-305081,"iINTELLIGENCEi Stainless Steel Tea Filter, 12.5x5.5x27.5 cm, 94 g, Reusable Chai Strainer, Tea Infuser for Loose Leaf Tea, Fine Mesh Kitchen Strainer, Tea Making Tool, Premium Tea Accessories, 1 Qty","Indulge in the art of tea making with the iINTELLIGENCEi stainless steel tea filter, a premium addition to any kitchen, designed to elevate your daily chai ritual. Crafted from food-grade stainless steel, this reusable tea filter ensures no tea leaves escape into your cup, while allowing the full-bodied flavour of your favourite loose leaf tea to infuse perfectly. The fine mesh construction delivers clarity and finesse, making it an indispensable tea strainer for connoisseurs and everyday users alike. Whether you are brewing masala chai, green tea, or herbal infusions, this chai strainer ensures a smooth, sediment-free pour every time, enhancing your tea experience with elegance. This versatile tea infuser is more than just a filter; it is a multi-purpose kitchen essential. Use it as a tea-making tool for loose leaf tea, a fine strainer for freshly squeezed lime juice, or to sift dry spices and dust powdered sugar over desserts. Its elongated 27.5 cm handle provides a comfortable, secure grip, while the 12.5 cm wide bowl holds ample tea leaves, making it perfect for brewing for two or more. The thoughtful design includes a sturdy hook that lets the strainer rest securely on the rim of any cup, pot, or kettle, so you can steep without making a mess. Constructed from food-grade stainless steel, this kitchen strainer resists rust, staining, and corrosion, promising years of dependable performance. The material is non-reactive, ensuring your tea retains its natural taste and aroma without any metallic aftertaste. This steel tea filter is easy to clean – simply rinse under running water or place it in the dishwasher. Its lightweight 94 g build ensures easy handling, while the compact dimensions of 12.5 × 5.5 × 27.5 cm allow for convenient storage in a drawer or hanging on a hook. VERSATILE TEA STRAINER: This chai filter doubles as a tea infuser and fine sieve, perfect for loose leaf tea, masala chai, fruit infusions, and even dusting desserts or straining juices. • PREMIUM STEEL BUILD: Crafted from food-grade stainless steel, this tea strainer resists rust and stains, ensuring a clean, non-reactive brew that preserves the natural taste and aroma of your tea • ERGONOMIC DESIGN: The long 27.5 cm handle offers a comfortable, heat-safe grip, while the wide bowl holds ample tea leaves and hooks securely onto cups or pots for hassle-free steeping and pouring. • DURABLE CONSTRUCTION: Reinforced fine mesh and sturdy steel frame withstand daily use, repeated washing, and high temperatures, making this kitchen strainer a long-lasting tea-making companion. • COMPACT AND LIGHTWEIGHT: At just 94 g with dimensions of 12.5 × 5.5 × 27.",in stock,new,749.00 INR,249.00 INR,https://www.indiabusinessinternational.online/p/stainless-steel-tea-filter-12-5x5-5x27-5-cm-94-g-reusable-chai-strainer-tea/,https://drive.google.com/thumbnail?id=1TI5IkvVFW1VT92Itj6YmgWWGxbAKhgPD&sz=w1600,"https://drive.google.com/thumbnail?id=1xu10P4LIl6PqxEozVSofNETG49K9iqWm&sz=w1600,https://drive.google.com/thumbnail?id=1-DOyFqUKrfWNm3Mli0s33LgZzUA9OP0b&sz=w1600,https://drive.google.com/thumbnail?id=1uoc656hRWW1qolM15ih7ElqesxGlfY_4&sz=w1600,https://drive.google.com/thumbnail?id=14Tl4OA-aczyOXRwmHDnaPugUKuC9b-2s&sz=w1600,https://drive.google.com/thumbnail?id=1NVfUT_HKqueqvEvAVYwfLyZQP4zrcarA&sz=w1600,https://drive.google.com/thumbnail?id=1r8rK-BGIjXo3WjFTRsfPsLRF9cvJsOH8&sz=w1600,https://drive.google.com/thumbnail?id=1toxkaQ2ROxwnInWj4J6-5gkPH8DJxDUX&sz=w1600,https://drive.google.com/thumbnail?id=1Pn_bGwEvhSSakAJ7l9d9XC4lgun0EhEn&sz=w1600",iINTELLIGENCEi,home-kitchen
PROD-IINTELLIGENCEI-224540,"iINTELLIGENCEi Tapioca Cassava Stem Cuttings Live Plant, 20x2x2 cm, 70 gm Each, 4 Qty, Root Crop Plant for Home Gardening, Organic Farming, Garden Planting, Propagation, Healthy Yield, Premium Quality","Elevate your home garden or farm with iINTELLIGENCEi Tapioca Cassava Stem Cuttings, a premium live plant propagation set delivering four robust cuttings, each measuring precisely 20x2x2 cm and weighing 70 grams. These carefully selected cassava stem cuttings are the cornerstone of organic gardening, offering an effortless way to cultivate a high-yield root crop plant right in your backyard or greenhouse. Whether you are a seasoned farmer or a home gardening enthusiast, these tapioca cuttings ensure a superior start for a bountiful harvest of nutritious roots, perfect for traditional Indian cuisine and diverse culinary applications. Engineered for success, each cassava plant cutting is sourced from healthy, disease-free mother plants, ensuring vigorous growth and uniform sprouting. The exact dimensions of 20 cm length and 2 cm diameter provide an ideal balance of stored energy and structural integrity, while the 70 gm weight per cutting guarantees ample nutrient reserves for robust root establishment. These live plant cuttings are ready to plant directly into well-drained soil, thriving in warm tropical and subtropical conditions prevalent across India, from Kanyakumari to the northern plains, making them a versatile choice for tapioca farming and garden planting alike. This live plant propagation kit supports multiple planting methods, whether you prefer direct ground planting or container gardening on your balcony or terrace. Cassava cuttings are famously low-maintenance, requiring minimal water once established, and they naturally resist common pests, reducing the need for chemical interventions—an essential feature for organic gardening enthusiasts. With proper care, each stem cutting develops into a sturdy plant reaching up to 2-3 meters tall, yielding clusters of edible roots that can be boiled, fried, or processed into flour, sago, and animal feed, offering exceptional value from a single planting. VERSATILE USE CASES: Perfect for home gardening, organic farming, and terrace cultivation, these tapioca stem cuttings thrive in varied Indian climates, supplying fresh root crops for cooking, • PREMIUM PLANT MATERIAL: Each cassava cutting is hand-selected from vigorous mother plants, ensuring high germination rates and robust sprouting, giving you a head-start on a healthy, productive • OPTIMAL GROWTH DESIGN: The 20 cm length and 2 cm diameter provide maximum stored carbohydrates, while the 70 gm weight ensures a sturdy cutting that establishes strong roots and shoots, delivering • DURABLE AND LONG-LASTING: Naturally resistant to drought and common pests, these cuttings retain viability for weeks when stored in a cool, dry place, allowing flexible planting schedules without • EXACT MEASUREMENTS: Supplied as four cuttings, each sized 20x2x2 cm and weighing 70 g, ensuring precise, uniform planting quality for predictable sprouting and high yield potential in every batch.",out of stock,new,374.00 INR,249.00 INR,https://www.indiabusinessinternational.online/p/tapioca-cassava-stem-cuttings-live-plant-20x2x2-cm-70-gm-each-4-qty-root-crop/,https://drive.google.com/thumbnail?id=1-DJMNSB3DSPvI_gN4Si69_T8N4kBivuD&sz=w1600,"https://drive.google.com/thumbnail?id=1pBpPyZ4PCoRBr730lNLz9Lksj_pJsEb7&sz=w1600,https://drive.google.com/thumbnail?id=1bS8EGWcAQ9vVrQCsDBeV4F5GWPGkjKSQ&sz=w1600,https://drive.google.com/thumbnail?id=1_PRftSNO_g94tNYN_k2L7muYQz6eU9kO&sz=w1600,https://drive.google.com/thumbnail?id=1a5UqHBX-nRN-4TxTfzO6vX6YBT9n3J4R&sz=w1600,https://drive.google.com/thumbnail?id=13kwlNQmhlDSBfJuCrZNTnC9bC9FtlHyL&sz=w1600,https://drive.google.com/thumbnail?id=1FDWZ87fHA2kgJ_QL4Cr2Elw-NRLjTL1X&sz=w1600,https://drive.google.com/thumbnail?id=1YIuZwRI11SUgzd9F-efc-yRObxkIGWPw&sz=w1600,https://drive.google.com/thumbnail?id=1eOOQpL6_NGXJn7I6B_PT8eG4mGTkCsy6&sz=w1600",iINTELLIGENCEi,home-garden
PROD-IINTELLIGENCEI-848463,"iINTELLIGENCEi Pineapple Live Plant for Garden, Fruit Plant 10x10x20 cm 150 g, Natural Air Purifying Houseplant for Home Balcony Terrace, Kerala Tamil Nadu Karnataka","Bring the tropical charm of a homegrown pineapple into your living space with the iINTELLIGENCEi Pineapple Live Plant. This premium fruit plant delivers the joy of nurturing your own exotic fruit right on your balcony, terrace, or garden. Perfect for gardening enthusiasts and beginners alike, this live plant offers a luxurious touch of greenery while promising the delightful reward of fresh, sweet pineapples. Elevate your home décor with a living centrepiece that is both ornamental and fruitful. This versatile pineapple plant thrives in Indian climatic conditions, making it an excellent choice for Tamil Nadu, Kerala, Karnataka, and other tropical regions. Whether placed in a sunlit balcony, a spacious patio, or an indoor spot with bright light, it grows gracefully, producing lush spiky foliage and eventually a juicy pineapple. Ideal for gifting on housewarmings, festivals, or for personal gardening pleasure, it adds a refreshing, natural ambience to any setting. Crafted with care, each plant is delivered with a healthy root system and fresh greenery. The compact 10 x 10 x 20 cm pot ensures easy handling, while the lightweight 150 g plant simplifies placement and rearrangement. This manageable size makes it suitable for tabletops, shelves, or as an eye-catching accent in your garden bed. The plant's natural resilience ensures it adapts well to varying light and humidity levels, requiring minimal attention from busy urban gardeners. Caring for your pineapple plant is straightforward and rewarding. Place it in a location receiving 4-6 hours of indirect sunlight daily, water moderately allowing the soil to dry slightly between waterings, and feed with a balanced organic fertiliser monthly. With regular care, the plant flourishes, offering a vibrant green presence that purifies the air and uplifts moods. Ideal for living rooms, offices, or outdoor spaces, it is a perfect addition to any plant lover's collection. MULTI-USE GARDEN PLANT: Perfect for balcony, terrace, garden beds, or indoor spaces; brings exotic tropical charm and fresh fruit to homes, offices, and decorative planters across India. • PREMIUM LIVE QUALITY: Healthy, well-rooted pineapple sapling with vibrant green foliage, ensuring strong growth and high success rate for gardeners of all experience levels, from novice to expert. • EASY CARE DESIGN: Thrives with 4-6 hours of indirect sunlight, moderate watering, and monthly fertiliser; low-maintenance care suits busy lifestyles and delivers rewarding results. • DURABLE NATURAL BUILD: Resilient plant adapts to warm, humid climates, with strong leaves and robust root system; provides long-lasting greenery and repeated fruiting potential with proper upkeep. • COMPACT LIGHTWEIGHT SPEC: Measures 10 x 10 x 20 cm and weighs just 150 g, making it easy to move, place, and pot; perfect for small spaces and effortless rearrangement.",in stock,new,449.00 INR,299.00 INR,https://www.indiabusinessinternational.online/p/pineapple-live-plant-for-garden-fruit-plant-10x10x20-cm-150-g-natural-air/,https://drive.google.com/thumbnail?id=1ZxP2R0Uar3maE-ol2BEDYeku2B0wBEx4&sz=w1600,"https://drive.google.com/thumbnail?id=13GcrJ9TXpgxsZkLB3uHdkSnlugCjf3LH&sz=w1600,https://drive.google.com/thumbnail?id=13zgwJsf4P9WRpjl5WbHCDpPoTyReoCLj&sz=w1600,https://drive.google.com/thumbnail?id=16dJqP3m9rs2DUmf7lKD5O-Cpuoia2XIO&sz=w1600,https://drive.google.com/thumbnail?id=1bQDw1FDEF1PYx_nPs_Q3oVN8F5PvHcym&sz=w1600,https://drive.google.com/thumbnail?id=1DnBiEDgoePLVtvcYsHVSpnLUq7cNZrWc&sz=w1600,https://drive.google.com/thumbnail?id=14yeLWivTVdvtbH3E6CTYfAXqyB5TRvua&sz=w1600,https://drive.google.com/thumbnail?id=1HchnYhbZXCiuGdav0Vy5mbXPSvvYbfVE&sz=w1600,https://drive.google.com/thumbnail?id=1TTXC3OYoSUygIz2i0fhAw2pEHMVlrm0k&sz=w1600",iINTELLIGENCEi,home-garden
PROD-IINTELLIGENCEI-597420,"iINTELLIGENCEi Hibiscus Stem Cuttings Live Plant Pack of 4, 20 x 2 x 2 cm, 41 gm Each, Red Flowering Shrub Cuttings for Home Garden, Gifting, Landscaping, Terrace Planting, Easy Grow Rooted Cuttings","Introducing the iINTELLIGENCEi Hibiscus Stem Cuttings Live Plant Pack of 4, a premium botanical treasure for enthusiasts who value lush, vibrant blooms. Each cutting measures exactly 20 x 2 x 2 cm and weighs 41 gm, ensuring consistent quality across the set. These live cuttings are carefully selected from mature, high-yield hibiscus plants, promising vigorous root development and a head start toward a flourishing garden. Whether you are a seasoned gardener or a beginner, these cuttings simplify propagation, letting you grow stunning hibiscus shrubs with confidence. These versatile cuttings thrive in a range of settings—from sunny balconies and terraces to indoor pots and traditional garden beds. In the Indian climate, hibiscus (gudhal in Hindi, chembarathi in Malayalam, dasavala in Kannada) is cherished for its ornamental beauty and cultural significance, often used in daily worship and festive decor. The pack of four allows you to create a dedicated hibiscus corner, line a pathway, or gift a green surprise to a loved one. Each cutting is a living promise of future blossoms, rewarding your care with abundant, eye-catching flowers in shades of red, pink, or yellow. Crafted with an emphasis on premium quality, these cuttings are sourced from disease-free parent plants and handled with meticulous care to preserve their vitality. The stems are firm, with healthy nodes that are primed for rooting. When planted in well-draining soil with adequate sunlight and regular watering, they establish quickly, developing strong roots within a few weeks. The compact dimensions of 20 x 2 x 2 cm make them easy to handle, plant, and nurture, even in limited spaces like urban balconies or office desks. To ensure the best growth, plant each cutting in a pot filled with fertile, loamy soil mixed with organic compost. Keep the soil consistently moist but not waterlogged, and place the pots in a location that receives at least 4 to 6 hours of indirect sunlight daily. VERSATILE GARDEN USE: Ideal for home gardens, terrace planters, balcony pots, and landscaping projects, these hibiscus cuttings adapt well to Indian climates and brighten any outdoor or indoor space. • PREMIUM LIVE CUTTINGS: Sourced from healthy, disease-free parent plants, each stem cutting is robust and ready to root, ensuring a high success rate for gardeners of all skill levels. • EFFORTLESS PLANTING EXPERIENCE: The compact 20 x 2 x 2 cm size makes handling and planting simple, while the 41 gm weight provides a solid, substantial feel that is easy to position in soil. • LONG-LASTING VIGOR: Carefully packaged to retain moisture and vitality, these cuttings maintain their freshness during transit, offering dependable growth and a strong start for your flowering shrub. • EXACT PACK SPECIFICATIONS: Each pack contains four identical cuttings, each measuring 20 x 2 x 2 cm and weighing 41 gm, giving you a precise, consistent set for even planting and symmetrical growth.",in stock,new,374.00 INR,249.00 INR,https://www.indiabusinessinternational.online/p/hibiscus-stem-cuttings-live-plant-pack-of-4-20-x-2-x-2-cm-41-gm-each-red/,https://drive.google.com/thumbnail?id=19A-_SUMqzAlDh1Swh_lG-jlG5igBsYRH&sz=w1600,"https://drive.google.com/thumbnail?id=1jgA74sav_4_LhHgXnupEvx8ltMtHloEF&sz=w1600,https://drive.google.com/thumbnail?id=1EoQgoiQgDeVfi5_ML3uz3WxXDErYPhxO&sz=w1600,https://drive.google.com/thumbnail?id=125yBuSjpM_iiaGw73wHRt3Cl_HFzLard&sz=w1600,https://drive.google.com/thumbnail?id=1CICqHw8z8FpxrQ7wUNTtxnQBlQGtMihT&sz=w1600,https://drive.google.com/thumbnail?id=1eSBrzHgLxbvbo5Fm1ZjhtPbmLhIbnPqL&sz=w1600,https://drive.google.com/thumbnail?id=1I_4RxO60ei_f7IzIAqMbCEXznIns5su7&sz=w1600,https://drive.google.com/thumbnail?id=1Q2dNHVA4UUgYTgMGFl-_00VECGeyAG7R&sz=w1600,https://drive.google.com/thumbnail?id=1gYGZs-mkT80IlR4tZgOML4uoHZgcJ6D3&sz=w1600",iINTELLIGENCEi,home-garden
PROD-IINTELLIGENCEI-911392,"iINTELLIGENCEi Lunch Bag for Office Men Women, 26 x 22 x 14 cm Insulated Tiffin Carrier, Leakproof Lunchbox Bag with Handle, Reusable Lunch Tote for Work Travel Picnic, 207 gm, 1 Qty","Experience the epitome of convenience and elegance with the iINTELLIGENCEi Lunch Bag, a luxurious companion for your daily meals. Meticulously crafted to cater to the modern Indian professional, this insulated tiffin carrier keeps your homemade food fresh, warm, and appetizing from the moment you leave home until it's time to relish every bite. Whether you're commuting to a hectic office in Chennai, traveling by train to Mumbai, or planning a serene family picnic in Kanyakumari, this lunch tote ensures your culinary creations are preserved in perfect condition, reflecting your refined taste and commitment to quality. Engineered with premium, multi-layer thermal insulation, this lunch box bag effectively maintains the temperature of your food, keeping hot dishes warm for hours and salads, fruits, and beverages pleasantly cool. The robust and durable exterior fabric is not only stylish but also water-resistant, safeguarding your belongings from accidental spills and splashes. Inside, the leakproof lining is a boon for those who love curries, sambar, or dal, as it prevents any messy leaks, allowing you to carry your favorite Indian meals with absolute confidence. The thoughtfully designed dimensions of 26 x 22 x 14 cm offer a spacious interior that comfortably accommodates one standard tiffin box, a water bottle, and some cutlery, making it an ideal single-meal carrier for office lunches, college canteen breaks, or short excursions. Weighing a mere 207 grams, this lightweight lunch bag is effortlessly portable, adding minimal burden to your daily commute. The sturdy, comfortable handle provides a secure grip, while the smooth, premium zipper ensures easy access and reliable closure. Beyond its primary function, this versatile lunch tote doubles as a stylish accessory for grocery runs, beach outings, or even as a chic gift for colleagues and loved ones. The sleek, understated design aligns with modern aesthetics, making it a fashionable statement piece. VERSATILE DAILY USE: Ideal for office lunches, college breaks, travel, and picnics, this insulated lunch carrier keeps your homemade Indian meals fresh and flavorful throughout your busy day. • PREMIUM INSULATED FABRIC: Multi-layer thermal insulation and a water-resistant exterior preserve meal temperature for hours, ensuring hot curries stay warm and salads remain crisp and cool. • LEAKPROOF INTERIOR LINING: A smooth, easy-to-clean leakproof lining prevents messy spills from curries or gravies, letting you carry even liquid-rich dishes with complete confidence. • LIGHTWEIGHT & PORTABLE DESIGN: Weighing just 207 grams with a sturdy comfortable handle, this lunch bag is effortless to carry and conveniently fits into an office bag or backpack. • PERFECT DIMENSIONS: Measuring 26 x 22 x 14 cm, this compact tiffin carrier accommodates one standard lunch box and a water bottle, ideal for single-meal use or short day trips.",in stock,new,674.00 INR,449.00 INR,https://www.indiabusinessinternational.online/p/lunch-bag-for-office-men-women-26-x-22-x-14-cm-insulated-tiffin-carrier/,https://drive.google.com/thumbnail?id=19DSUVKAiL_WxKjhwgOIL8_G9vxGYQKPJ&sz=w1600,"https://drive.google.com/thumbnail?id=1274ZiKo8jiBgdQSRyzxzHPyfiYAaDNX5&sz=w1600,https://drive.google.com/thumbnail?id=1FcHIbkOxI10VSKXKiqMkcy0NHzU_1Oxt&sz=w1600,https://drive.google.com/thumbnail?id=1TCrm9YhAYibkkoHzdsXllEoqrUCLv2Aj&sz=w1600",iINTELLIGENCEi,home-kitchen
PROD-IINTELLIGENCEI-669516,"iINTELLIGENCEi Hair Scrunchies for Women, Velvet Soft Fabric Elastic Ponytail Holders, 10 x 10 x 3 cm, 10 gm, 1 Qty, Non-Slip Hair Ties for Thick Thin Hair, Stylish Accessory for Party, Office","Elevate your everyday hair styling with the iINTELLIGENCEi premium hair scrunchie, a luxurious accessory designed for the modern Indian woman who values both elegance and practicality. Crafted from ultra-soft velvet fabric, this scrunchie wraps your locks in plush comfort, preventing snags, breakage, and creases while adding a refined touch to any outfit. Whether you are heading to a boardroom meeting, a festive celebration, or a casual coffee date, this versatile hair tie ensures you look effortlessly polished. This scrunchie is engineered for all hair types, from fine, silky strands to thick, voluminous curls. The generous 10 x 10 x 3 cm dimensions and 10 gm weight provide a substantial yet lightweight hold, allowing you to create secure ponytails, buns, braids, or half-up styles without pulling or damaging your delicate hair. The elastic band inside offers a snug, non-slip grip that stays in place all day, making it a reliable companion for yoga sessions, long work hours, and everything in between. Constructed with meticulous attention to detail, the fabric is soft, breathable, and gentle on your scalp, reducing friction and minimising hair fall. The rich, velvety texture adds a premium feel that complements both traditional Indian attire like sarees and lehengas, as well as contemporary Western wear. Its compact size makes it an ideal travel companion, fitting neatly into your handbag, makeup pouch, or even your pocket, so you can refresh your hairstyle on the go. Beyond its practical benefits, this scrunchie serves as a stylish fashion statement. Perfect for gifting on birthdays, anniversaries, or as a thoughtful gesture for friends and family, it comes in a single quantity that allows you to test its quality or gift it as a chic add-on. The versatile design suits every occasion, from daily office wear to weddings and parties, making it a must-have addition to your accessory collection. Caring for your scrunchie is effortless. VERSATILE HAIR STYLING: Works beautifully for ponytails, buns, half-up styles, and braids, suitable for all hair lengths and textures, from gym workouts to festive occasions. • PREMIUM VELVET MATERIAL: Outer layer is plush velvet that feels luxurious, while inner elastic ensures a secure yet comfortable fit, reducing breakage and creases. • LIGHTWEIGHT COMFORT DESIGN: Weighs just 10 grams, holds hair firmly without strain, letting you wear it all day with ease and sophistication. • DURABLE ELASTIC CORE: Robust elastic band maintains stretch and bounce after repeated use, offering non-slip grip that keeps hairstyles intact from morning to night. • COMPACT EXACT SPECIFICATIONS: Measures 10 x 10 x 3 cm and weighs 10 gm (1 Qty), perfectly proportioned for travel storage and quick touch-ups on the go.",out of stock,new,375.00 INR,250.00 INR,https://www.indiabusinessinternational.online/p/hair-scrunchies-for-women-velvet-soft-fabric-elastic-ponytail-holders-10-x-10-x/,https://drive.google.com/thumbnail?id=1Yw6u8Nsh1-9lBSwLJzAouD4ZGjU4aV0v&sz=w1600,"https://drive.google.com/thumbnail?id=17oJujDB8DWjOSqlB4kUz8NYhodkrauo0&sz=w1600,https://drive.google.com/thumbnail?id=1SVYT9nRRNKQ3-Ctnslmx0VuZFsadzH_c&sz=w1600,https://drive.google.com/thumbnail?id=18bKPhx4TdsN30vXxtFhfdzD-vp8Ru6ka&sz=w1600,https://drive.google.com/thumbnail?id=1WdktCV5X0dMDvPUxUwsBxMWvGcHKXuUP&sz=w1600,https://drive.google.com/thumbnail?id=1koHKJnxPXj6sFP04svtlk8YR1ENWIOUp&sz=w1600,https://drive.google.com/thumbnail?id=1EOJlqIQicOJN3A8QN0dLUxgMj3NYyrrO&sz=w1600,https://drive.google.com/thumbnail?id=1opvZ6qC-kx9alKpcQDosZzwfyGji90ip&sz=w1600,https://drive.google.com/thumbnail?id=1HoY6x3vs57hNShxPX2Oz1m2HHehRE4K2&sz=w1600",iINTELLIGENCEi,clothing-women
PROD-IINTELLIGENCEI-200500,"iINTELLIGENCEi Long Plain Note Book Unruled 31x18.5x0.5 cm 286 gm 160 Pages Pack of 3, Premium Cream Paper, Blank Journal for Writing, Sketching, School, Office, Softcover Notebook Bulk","Elevate your writing experience with the iINTELLIGENCEi Long Plain Note Book, a premium unruled notebook crafted for the discerning user in India. This pack of three blank journals offers a luxurious canvas for your thoughts, ideas, and creative expressions. Each notebook measures 31 x 18.5 x 0.5 cm and weighs 286 g, providing a substantial yet portable companion. The long, elegant shape is perfect for detailed note-taking, journaling, or professional documentation. The unruled pages, 160 per notebook, are free from lines, giving you complete freedom to write, doodle, sketch, or plan without constraints. The smooth, premium cream-coloured paper is gentle on the eyes and compatible with a wide range of pens, including gel, ballpoint, and fountain pens with minimal ink bleed. Whether you are a student, a professional, a writer, or an artist, this blank notebook serves as your versatile creative partner. Constructed with a durable softcover and sturdy binding, these notebooks are built to withstand daily handling, travel, and frequent use. The pages lay reasonably flat when open, allowing for comfortable writing on any surface. The compact yet roomy size of 31 cm in length and 18.5 cm in width makes it ideal for desktops, backpacks, and briefcases. Despite its generous page count, each notebook remains lightweight at 286 g, making it effortless to carry to classes, meetings, or coffee shops. This bulk pack of three plain notebooks is an economical choice for families, students, or offices requiring multiple pads. Use them for brainstorming sessions, meeting minutes, lecture notes, creative writing, sketching, or as a gratitude journal. The absence of ruled lines encourages free-form thinking and allows for neat diagrams, mind maps, or artistic layouts. The premium look and feel of these notebooks also make them excellent gifts for colleagues, friends, or loved ones who appreciate quality stationery. VERSATILE BLANK JOURNAL: Use this unruled notebook for writing, sketching, journaling, brainstorming, and creative projects in school, college, office, or home, offering unlimited flexibility. • PREMIUM CREAM PAPER: The smooth, high-quality 160-page plain paper ensures a pleasant writing experience with reduced ink bleed and shadowing, compatible with gel, ballpoint, and fountain pens. • ERGONOMIC LONG DESIGN: The 31 x 18.5 cm long size gives ample writing space, while the 0.5 cm slim profile fits easily in bags, backpacks, and briefcases for portability. • DURABLE SOFTCOVER: Each notebook features a sturdy softcover and secure binding that protects pages from wear and tear, ideal for heavy daily use in any environment. • COMPACT AND LIGHTWEIGHT: Weighing just 286 g per notebook, this pack of three provides 480 total pages, easy to carry and perfect for lectures, meetings, or travel use.",in stock,new,449.00 INR,299.00 INR,https://www.indiabusinessinternational.online/p/long-plain-note-book-unruled-31x18-5x0-5-cm-286-gm-160-pages-pack-of-3-premium/,https://drive.google.com/thumbnail?id=1M-3eVuN6K3UPuXOMJ6wSZkwwpdfW0Vt2&sz=w1600,"https://drive.google.com/thumbnail?id=10MDbBeFCgnjUEQBtGHyA7eIAVALUeSZv&sz=w1600,https://drive.google.com/thumbnail?id=1rkSLujNlrfIpcNTtoodYzsBuEvqDBSIO&sz=w1600,https://drive.google.com/thumbnail?id=199brbl9moRLlH9mD0aM38eHQ5NKCaOg9&sz=w1600,https://drive.google.com/thumbnail?id=1vQtu7n0CxHnkg_3SeuDuYmHn6qg0woKG&sz=w1600,https://drive.google.com/thumbnail?id=1DRDyusRdz12M-OmTPIO5lk3McPLGyXp6&sz=w1600,https://drive.google.com/thumbnail?id=1AlK_6Rv00UW9HYmq2kEiWuPrRh1EYJhZ&sz=w1600,https://drive.google.com/thumbnail?id=1N8j6tE2xDJnQez0PXiuzisY8TKOhoadp&sz=w1600,https://drive.google.com/thumbnail?id=1onF9ZLopGGByK25dhiuzxsTfy9y0mKQU&sz=w1600",iINTELLIGENCEi,books-books
PROD-IINTELLIGENCEI-432265,"iINTELLIGENCEi Floor Oval Mat 47x31 cm Premium Anti-Skid Entry Door Mat for Home Office Decor, Absorbent Durable Carpet for Living Room Kitchen Balcony, 1 Qty, Green, Red, Violet.","Elevate your living space with the iINTELLIGENCEi Floor Oval Mat, a luxurious and premium addition crafted to bring warmth and style to every corner of your Indian home. Measuring precisely 47 x 31 x 1 cm and weighing just 256 g, this compact yet generously sized mat fits perfectly in entryways, kitchens, balconies, and beside beds, offering a soft and comfortable underfoot experience with every step. The elegant oval silhouette in a rich fusion of green, red, and violet adds a refined colour accent that complements both contemporary and traditional interiors, making it an ideal gift for housewarmings or festive occasions. Engineered for everyday convenience, this mat features a highly absorbent surface that quickly wicks away moisture and dirt from shoes and bare feet, keeping your floors clean and dry. The durable polyester blend construction ensures long-lasting performance even in high-traffic zones, while the anti-skid backing grips firmly to smooth floors, preventing slips and accidental falls — an essential safety feature for homes with elderly family members or young children. Whether used as a decorative floor rug in the living room, a protective mat in the dining area, or a soft landing spot in the bathroom, this versatile mat handles it all with grace. The premium texture of the mat is gentle on feet yet tough on grime, making it perfect for daily use in the humid coastal climate of Kanyakumari and across India. Its lightweight design at 256 g allows for effortless handling, washing, and drying, so you can maintain a fresh and hygienic environment without any hassle. The compact dimensions of 47 cm in length and 31 cm in width make it easy to place in narrow spaces like corridors, near washbasins, or at the main entrance, proving that practical doesn't mean plain. Care is simple: shake off loose dust, spot clean with a damp cloth, or hand wash with mild soap and water, then air dry in shade to preserve the vibrant colours and shape. VERSATILE HOME USE: This absorbent oval floor mat suits entry doors, kitchens, balconies, bathrooms, and living rooms, offering soft comfort and floor protection across every high-traffic zone in • PREMIUM SOFT MATERIAL: Made from durable, plush polyester fibres that feel gentle on feet, quickly absorb moisture, and resist stains, providing a luxurious tactile experience with outstanding • SAFE ANTI-SKID DESIGN: The non-slip rubberised backing grips firmly to tile, marble, and wooden floors, preventing accidental slips and keeping the mat securely in place during busy family use. • EASY CARE AND LONG LIFE: Lightweight 256 g mat is simple to wash by hand or machine, dries fast, and retains its rich green, red, and violet hues, ensuring lasting beauty and hygiene. • COMPACT 47X31 CM MAT: Measuring exactly 47 x 31 x 1 cm, this space-saving oval rug nests neatly in entryways or corridors, delivering premium comfort without crowding your interior design layout.",in stock,new,449.00 INR,299.00 INR,https://www.indiabusinessinternational.online/p/floor-oval-mat-47x31-cm-premium-anti-skid-entry-door-mat-for-home-office-decor/,https://drive.google.com/thumbnail?id=1EaclBXBwvQlRkZvdt2gB9ecqCIa1Aheb&sz=w1600,"https://drive.google.com/thumbnail?id=1f71FhJZ6ANjpUwxuORvDhKencvX5v3jm&sz=w1600,https://drive.google.com/thumbnail?id=1yE0VjYFDlSN5nO0Zi0LYMEaGGajmhcDd&sz=w1600,https://drive.google.com/thumbnail?id=12BnZ0Sy9P9tBK8XBQrOT8qqsehXeQysD&sz=w1600,https://drive.google.com/thumbnail?id=1pL80kENf5XH4K06FgZRxEBUhc6dAg3dM&sz=w1600,https://drive.google.com/thumbnail?id=14yPUeN_sEtGwUYvOC1D_SyIetleRbQT-&sz=w1600,https://drive.google.com/thumbnail?id=1Lyxw6DcPgIVuMT-DnwZzQkm7dFEfDuVQ&sz=w1600,https://drive.google.com/thumbnail?id=1-XBHIby25ABtg_wD6UNbTjKYhvlibZy2&sz=w1600,https://drive.google.com/thumbnail?id=1ju5Fsme1jvWYnILJvXvDJDY8HAIFs7va&sz=w1600",iINTELLIGENCEi,home-bedding
PROD-IINTELLIGENCEI-737773,iINTELLIGENCEi Rat Trap Iron SpringLess Type 32x16x14.5 cm 561 gm Heavy Duty Rodent Trap for Home Kitchen Warehouse Farm Pest Control Rat Catcher Mouse Killer,"Introducing the iINTELLIGENCEi Rat Trap, a premium iron-based pest control solution engineered for the modern Indian household and commercial spaces. Crafted from high-grade iron with a robust springLess mechanism, this trap delivers a swift and humane kill, ensuring your environment remains rodent-free without the need for batteries or electricity. The trap’s sturdy build and matte finish reflect a quality that stands apart from ordinary traps. Designed for versatility, this rat trap excels in multiple settings—kitchens, godowns, warehouses, poultry farms, restaurants, and outdoor garden areas. Its compact footprint of 32x16x14.5 cm allows placement in tight corners, under furniture, along wall edges, and inside cupboards where rodents typically travel. Weighing 561 grams, it offers substantial heft to prevent tipping, yet remains portable enough to reposition across your property as needed. The springLess construction eliminates the risk of accidental spring-loading injuries, making it safer for users and pets. The iron body is coated to resist rust and corrosion, ensuring long-lasting performance even in humid coastal climates. Simply place bait—such as peanut butter, cheese, or grains—on the trigger plate, and the trap snaps shut with powerful force, capturing the rodent securely. This trap is suitable for catching rats, mice, bandicoots, and other small rodents. The open-frame design allows for easy monitoring and bait replacement. After each catch, clean the trap with warm soapy water, dry it thoroughly, and store it in a dry place. For best results, set multiple traps at intervals to cover larger areas. Ideal for both residential and professional pest control, this trap is a must-have for maintaining hygiene and protecting stored goods. Packaged as a single unit, the iINTELLIGENCEi Rat Trap combines durability, safety, and effectiveness. Its premium iron build and ergonomic design make it a reliable addition to any pest management strategy. VERSATILE PEST CONTROL: Catches rats, mice, bandicoots, and other small rodents in homes, kitchens, warehouses, farms, and commercial establishments across India. • PREMIUM IRON BUILD: Constructed from heavy-duty iron with a rust-resistant coating, this trap withstands daily use and harsh weather conditions for lasting service. • SPRINGLESS SNAP MECHANISM: Safe and easy to set without complex springs, reducing finger injury risk while delivering a powerful, instant snap to catch rodents securely. • COMPACT DESIGN: Measures 32x16x14.5 cm, fitting neatly into tight spaces like under shelves, behind appliances, and along rodent runways for effective placement. • OPTIMAL WEIGHT STABILITY: Weighing 561 grams, it stays firmly in place during a catch, preventing escape, while remaining light enough for easy repositioning across your facility.",in stock,new,1499.00 INR,999.00 INR,https://www.indiabusinessinternational.online/p/rat-trap-iron-springless-type-32x16x14-5-cm-561-gm-heavy-duty-rodent-trap-for/,https://drive.google.com/thumbnail?id=1rwZ92rbTHgI7oEl4spzVyp3pB-RthiBT&sz=w1600,"https://drive.google.com/thumbnail?id=1D4MtOVt6MLDZF1h_QZAMPhJlMlvZheYT&sz=w1600,https://drive.google.com/thumbnail?id=10e3jxgf8E3GqPnlGZ36tA9JLsbN-iMDT&sz=w1600,https://drive.google.com/thumbnail?id=1CdFAapgu-v9hZA1pOogK7Zqe4CK1fZBv&sz=w1600,https://drive.google.com/thumbnail?id=1cyVgZZgjvA6NDOL_agfmX8NdbjL-ois6&sz=w1600,https://drive.google.com/thumbnail?id=1TFjqs0THbIX98aM_pMfPM-wo6YZuThYc&sz=w1600,https://drive.google.com/thumbnail?id=1lVEDYG9_sbINXPC_U3UEDxx1Joi0A7-G&sz=w1600",iINTELLIGENCEi,pets-accessories
PROD-IINTELLIGENCEI-998959,"iINTELLIGENCEi Stone Diyas for Pooja, Handcrafted Natural Stone Oil Lamps for Home Decoration, Temple Prayer, Diwali, Karwa Chauth.","Introducing the iINTELLIGENCEi collection of luxurious stone diyas, meticulously handcrafted from natural premium stone to bring an aura of divine serenity and timeless elegance to your sacred spaces. Each diya is carved by skilled artisans, preserving the raw beauty and earthy texture of the stone, making every piece a unique work of art. These traditional oil lamps are perfect for daily pooja rituals, festive celebrations like Diwali and Karwa Chauth, and as exquisite home décor accents that elevate the ambience of any room. Crafted from high-quality natural stone, these diyas offer exceptional durability and a sturdy, heat-resistant base that ensures safe and stable burning of oil or ghee. The smooth, polished interior and carefully shaped cavity hold oil and wicks efficiently, while the natural stone exterior adds a rustic yet refined charm. Whether placed on your home altar, in a temple niche, or as a centrepiece for festive gatherings, these diyas create a warm, inviting glow that enhances spiritual connection and visual appeal. This set includes four beautifully proportioned diyas in varying sizes to suit different rituals and decorative needs: the smallest measures 7x6.5x4.5 cm and weighs 233 gm, ideal for intimate prayer corners; the second size at 9x7.5x4 cm weighs 412 gm, perfect for daily use; the third at 9.5x9x4.5 cm weighs 365 gm, great for larger altars; and the largest at 11.5x11x5 cm weighs 619 gm, making a striking statement piece. Each size has been thoughtfully designed to balance stability and capacity for oil, ensuring a steady, long-lasting flame. Beyond their spiritual significance, these stone diyas serve as versatile décor items that complement modern and traditional interiors alike. Place them on shelves, side tables, or window sills to add a touch of bohemian elegance, or use them during meditation and yoga sessions to create a calming, focused atmosphere. VERSATILE POOJA LAMP: Ideal for daily prayer, Diwali, Karwa Chauth, Navratri and festive home décor, these natural stone diyas bring spiritual warmth and traditional elegance to any ritual or celebration. • PREMIUM NATURAL STONE: Handcrafted from high-quality, durable natural stone, each diya offers a heat-resistant, sturdy build that delivers a safe, steady oil-burning experience for extended worship sessions. • ELEGANT HANDCARVED DESIGN: Each lamp features a smooth oil cavity and rustic textured exterior, showcasing artisan craftsmanship that suits modern, rustic and temple-style interiors beautifully. • LONG-LASTING DURABILITY: Constructed to resist cracking and chipping, these sturdy stone diyas withstand repeated use and high heat, ensuring lasting performance for daily worship and festive seasons. • EXACT MEASURED SPECS: Set includes 7x6.5x4.5 cm (233 gm), 9x7.5x4 cm (412 gm), 9.5x9x4.5 cm (365 gm), and 11.5x11x5 cm (619 gm), offering varied sizes for multiple uses.",in stock,new,2999.00 INR,450.00 INR,https://www.indiabusinessinternational.online/p/stone-diyas-for-pooja-handcrafted-natural-stone-oil-lamps-for-home-decoration/,https://i.ibb.co/NnnnnVRJ/4a60c4f24262.jpg,"https://i.ibb.co/bjGVtj5V/36ff5f1124e1.jpg,https://i.ibb.co/4nxP8s6M/28e80048cb5f.jpg,https://drive.google.com/thumbnail?id=1fMb-Sk9iNnLalZ4MTuwcYVKOnwPCEZrV&sz=w1600,https://drive.google.com/thumbnail?id=1U-QwtB7yU0BHEUxfHS8sAf09kxSGMvV-&sz=w1600,https://drive.google.com/thumbnail?id=1w6gjv5EhpY8dXNK3OF9AZ4Y_VVqwirEj&sz=w1600,https://drive.google.com/thumbnail?id=1GS234KhuWnwwLopLRWZqjr-UKWqOEkHm&sz=w1600,https://drive.google.com/thumbnail?id=18GMIId8fBRCEu8Mb_eLrpeShO_l_5xeE&sz=w1600,https://i.ibb.co/zhPsmQfq/05ff60525bf7.jpg",iINTELLIGENCEi,home-decor
PROD-IINTELLIGENCEI-684631,"iINTELLIGENCEi Al Rice Pot with Lid, 13 Size, BIS Certified Aluminium Cookware, 17x17x13 cm, 408 gm, Premium Kitchen Essentials for Indian Cooking, Rice Cooker Pot, Durable Heat Induction Friendly,","Discover the iINTELLIGENCEi Al Rice Pot with Lid, a premium addition to your kitchen cookware collection. Crafted from high-grade aluminium, this BIS-certified rice pot ensures rapid, even heat distribution, making it the perfect companion for preparing fluffy rice, aromatic biryani, creamy dal, and vibrant vegetable curries. Its robust yet lightweight construction – weighing a mere 408 gm – allows for effortless handling and manoeuvring, even when full. The pot's 13-size designation and compact dimensions of 17x17x13 cm make it an ideal choice for small to medium families, hostel dwellers, and those who appreciate efficient, space-saving cookware. Engineered for the demands of Indian kitchens, this versatile rice cooker pot excels across multiple cooking methods. Whether you are simmering traditional South Indian rasam, pressure-cooking sambar, boiling milk, or gently steaming idlis, the aluminium body conducts heat uniformly to prevent hot spots and ensure perfectly cooked results every time. The snug-fitting lid locks in steam and flavour, accelerating cooking time while preserving the natural aroma and nutrition of your ingredients. This multipurpose cook pot seamlessly transitions from stovetop to table, adding a touch of understated elegance to your serving experience. The premium aluminium construction offers remarkable durability and corrosion resistance, ensuring years of reliable service. Unlike heavier cast-iron or brass alternatives, this 13-size pot is easy to lift, handle, and clean, making it a practical choice for everyday cooking. Its minimalist design and smooth interior surface resist food sticking, simplifying both cooking and washing. Enjoy the convenience of a dishwasher-safe pot that retains its lustrous finish, ready for your next culinary adventure. This BIS-certified rice pot is not just a cooking vessel; it is a statement of quality and trust. VERSATILE COOKING USE: Perfect for boiling rice, dal, vegetables, and eggs; also ideal for preparing soups, stews, and traditional one-pot meals, making it a multipurpose kitchen staple for every • PREMIUM ALUMINIUM BUILD: Constructed from BIS-certified high-grade aluminium, this pot provides rapid, uniform heat conduction for perfectly cooked food every time, while resisting rust and • ERGONOMIC DESIGN: The comfortable, heat-efficient shape with a snug-fitting lid locks in steam and flavour, reduces cooking time, and ensures safe, effortless handling even when hot, enhancing your • DURABLE CONSTRUCTION: Designed to withstand daily Indian cooking methods, including high-temperature flame use, this pot resists warping, scratching, and wear, ensuring it remains a reliable kitchen • COMPACT AND LIGHTWEIGHT: Measuring 17x17x13 cm and weighing only 408 gm, this 1-size pot is easy to store, carry, and clean, making it perfect for small kitchens, hostels, travel, and camping trips.",in stock,new,1332.00 INR,888.00 INR,https://www.indiabusinessinternational.online/p/al-rice-pot-with-lid-13-size-bis-certified-aluminium-cookware-17x17x13-cm-408/,https://drive.google.com/thumbnail?id=1cbNxyXZp-K26C4fOzoXh1FOWcOlD0pf3&sz=w1600,"https://drive.google.com/thumbnail?id=1XF7AD3k8U7_hOgPjZbvmE5wjB21K4_UZ&sz=w1600,https://drive.google.com/thumbnail?id=1rSJiYB_1H7CbvRmkMYW4fy0NlrXp-7W6&sz=w1600,https://drive.google.com/thumbnail?id=1z2FyJ4NJE3NH25Lm0rAYffL91E9dvrAG&sz=w1600,https://drive.google.com/thumbnail?id=1sEAf9b2i8ltYUK9OQ-7lW5r3h8e-fbrs&sz=w1600,https://drive.google.com/thumbnail?id=1_roc0MjeGqUghDR4555xhZvYghc9Tx2s&sz=w1600,https://drive.google.com/thumbnail?id=1kiZuPtNGjspC8ichNdZ8NJucwxyZ9ZBA&sz=w1600,https://drive.google.com/thumbnail?id=1zILZN9at0kqvKEC03QMJnYqTIzlBKI4J&sz=w1600,https://drive.google.com/thumbnail?id=1PngU4vtkCs9oKslvoMfcE985esWM-OvE&sz=w1600",iINTELLIGENCEi,home-cookware
PROD-IINTELLIGENCEI-545910,"iINTELLIGENCEi Hydro Crystal Braided Choker Necklace for Women - Adjustable Chain, Crystal Stone Pendant Collar, Fashion Jewelry Gift, 40x2x0.8 cm, 30 gm, Party Wear, Bridal, Daily Use, 10 Vibrant","Welcome to the world of iINTELLIGENCEi, where premium craftsmanship meets contemporary elegance. The Hydro Crystal Braided Choker Necklace is a statement piece designed for the modern Indian woman who values luxury, versatility, and comfort. Crafted with meticulous attention to detail, this choker features a stunning braided design embellished with shimmering hydro crystals that catch the light beautifully. The adjustable chain ensures a perfect fit for every neck size, making it ideal for weddings, parties, festivals, corporate events, and casual chic outings. The 40 x 2 x 0.8 cm dimensions and 30 gram weight guarantee a lightweight feel, allowing all-day wear without discomfort. This exquisite choker is available in ten vibrant colour options: Black, Bright Red, Deep Purple, Emerald Green, Navy Blue, Olive Green, Royal Blue, Turquoise Blue, Red, and Vibrant Teal. Each colour is curated to match different outfits and skin tones, ensuring you find the perfect hue for every mood and event. The braided construction adds a unique textured look, while the hydro crystals provide an eye-catching sparkle that elevates any ensemble. Pair it with a traditional saree for a wedding or a modern cocktail dress for a party—this choker enhances your style effortlessly. The adjustable chain allows versatile styling, from a snug collar fit to a relaxed necklace look. Built for durability, the choker is made from high-quality materials that resist tarnish and fading, ensuring years of brilliance. The smooth finish and secure clasp make it easy to put on and take off, while the lightweight design prevents neck strain. Ideal for gifting, this choker makes a thoughtful present for birthdays, anniversaries, Diwali, or Raksha Bandhan. The compact size is travel-friendly, allowing you to pack it for vacations or business trips. VERSATILE WEAR OPTIONS: Perfect for weddings, parties, festivals, and daily use, this hydro crystal choker pairs beautifully with sarees, lehengas, and western dresses across diverse Indian occasions. • PREMIUM CRYSTAL MATERIAL: Adorned with shimmering hydro crystals and a sturdy braided chain, this necklace offers a luxurious sheen and long-lasting brilliance resistant to tarnishing and fading. • ADJUSTABLE COMFORT FIT: Featuring an adjustable chain that fits neck sizes comfortably, this choker provides a secure yet comfortable wear, ideal for all-day use without any irritation. • DURABLE CONSTRUCTION: Made with high-quality anti-rust metal and reinforced braiding, this choker withstands regular use, maintaining its structural integrity and sparkle even after repeated wear. • COMPACT DIMENSIONS: Measuring 40 x 2 x 0.8 cm and weighing just 30 gm per piece, this lightweight choker ensures effortless carrying and all-day comfort without neck strain.",in stock,new,375.00 INR,250.00 INR,https://www.indiabusinessinternational.online/p/hydro-crystal-braided-choker-necklace-for-women-adjustable-chain-crystal-stone/,https://drive.google.com/thumbnail?id=1yv6WAPaEaa_nUN3hul9AidEk8Vxaxtyp&sz=w1600,"https://drive.google.com/thumbnail?id=1RLbzFZmLH5RwyqdXo0ZZx8oJnp39eE9m&sz=w1600,https://drive.google.com/thumbnail?id=13PfjVmSaKlVzD6flQk6BiNq0LTDg4XTm&sz=w1600,https://drive.google.com/thumbnail?id=1k132jlpm3DjcTPW8Pf7arL89S6u5_n6g&sz=w1600,https://drive.google.com/thumbnail?id=1bCVcGUVIg6KPvfqhRKHBs6Qk-tJUU0oh&sz=w1600,https://drive.google.com/thumbnail?id=16iSGh_6etrLgoJkb9-hsD0XWpsZgdklV&sz=w1600,https://drive.google.com/thumbnail?id=1AgF8QkFOAqoYNRZ5jsNTGKb8FyNWGOVP&sz=w1600,https://drive.google.com/thumbnail?id=1FtX0RLhzCZrBs6c3eyp8c2nnVIZ1kkux&sz=w1600,https://drive.google.com/thumbnail?id=1Vlp-52uhM0_3bWqgCj5nMRHQqRi7US-D&sz=w1600",iINTELLIGENCEi,jewellery-choker
PROD-IINTELLIGENCEI-293630,"iINTELLIGENCEi Hydro Crystal Braided Choker Necklace for Women, Adjustable Chain, 40 x 2 x 0.8 cm, 30 gm, Stylish Layered Choker Set for Girls, Premium Crystal Stone Jewelry, Gift for Her, 10 Colour","Elevate every outfit with the iINTELLIGENCEi Hydro Crystal Braided Choker Necklace, a luxurious and premium addition to your jewellery collection. Crafted to blend traditional elegance with modern style, this choker is designed for women and girls who appreciate fine craftsmanship and eye-catching detail. The braided design, accented with sparkling hydro crystals, creates a rich texture that catches the light beautifully, making it perfect for parties, weddings, festivals, and everyday ethnic or Indo-western wear. This versatile choker features an adjustable chain, ensuring a comfortable and secure fit for various neck sizes. Whether you pair it with a saree, lehenga, salwar kameez, or a contemporary kurta, its layered look adds depth and sophistication to your ensemble. It also makes a thoughtful gift for birthdays, anniversaries, Rakhi, Diwali, or Valentine's Day, impressing the recipient with its premium look and durable build. Meticulously constructed, the choker measures 40 x 2 x 0.8 cm and weighs just 30 gm, offering a lightweight feel that allows all-day comfortable wear without straining the neck. The crystal stone settings are securely held in place within the braided structure, while the chain closure is smooth and easy to fasten. The materials are chosen for lasting shine and resistance to tarnishing, ensuring the choker retains its brilliance over time with proper care. Available in ten distinct colour options—Green, Green & Black, Red, Red & Black, Red & Green, Tricolor, White, White & Black, Yellow, and Yellow & Black—this choker lets you match your mood and outfit effortlessly. Each colour variant boasts the same premium finish and attention to detail. Perfect for fashion-forward women, this piece transitions seamlessly from daytime elegance to evening glamour. To maintain its lustre, wipe gently with a soft, dry cloth after use and store in a separate pouch or jewellery box to avoid scratches. Avoid contact with water, perfumes, or harsh chemicals. VERSATILE CHOKER WEAR: Perfect for parties, weddings, festivals, and daily ethnic wear, this crystal choker complements sarees, lehengas, kurtas, and indo-western outfits with effortless style. • PREMIUM CRYSTAL BUILD: Designed with sparkling hydro crystals elegantly braided into a textured pattern, delivering a luxurious, premium finish that mimics high-end designer jewellery at a fraction of the cost. • COMFORT ADJUSTABLE FIT: The adjustable chain ensures a customised, secure fit for all neck sizes, while the lightweight 30 gm build provides all-day comfort without neck strain. • DURABLE QUALITY CRAFT: Secure crystal settings, a sturdy chain, and a smooth clasp resist daily wear, tarnishing, and breakage, ensuring lasting beauty and reliable performance for years. • EXACT SIZED SPECS: With a compact 40 x 2 x 0.8 cm dimension and a featherlight 30 gm weight, this choker offers a slim, elegant profile that sits gracefully on the neck.",in stock,new,375.00 INR,250.00 INR,https://www.indiabusinessinternational.online/p/hydro-crystal-braided-choker-necklace-for-women-adjustable-chain-40-x-2-x-0-8/,https://drive.google.com/thumbnail?id=1KuG1e4zRaNr7Tyje9CsZTHL--Ig0EL7n&sz=w1600,"https://drive.google.com/thumbnail?id=1vdFVoGLmfq3PU5vcg2gEQdYovgf0eby5&sz=w1600,https://drive.google.com/thumbnail?id=13muWoRP1jS7jPzvo6finMEO9npEQUKEk&sz=w1600,https://drive.google.com/thumbnail?id=1aQIRw0d7bzjD6M3u6apU4O_ii0YT-Rf6&sz=w1600,https://drive.google.com/thumbnail?id=1lDp0FzCUZCSCuGNP7K-66P2WS1WfFq6y&sz=w1600,https://drive.google.com/thumbnail?id=1jtg61coXasYcEQc3t6sa70iCC9vMrsYU&sz=w1600,https://drive.google.com/thumbnail?id=1B3qF0rjMT1ghIoTHWodhthc6GoUuTmEf&sz=w1600,https://drive.google.com/thumbnail?id=1m1hyE-JdX5lSmt18H0AGfaCw0XIGn4Ng&sz=w1600,https://drive.google.com/thumbnail?id=1_o4hp6HxUYszJxdnLFCyMQRQssx5ekgG&sz=w1600",iINTELLIGENCEi,jewellery-choker
PROD-IINTELLIGENCEI-724585,"iINTELLIGENCEi Invisible Chain Kasu Dollar Necklace for Women, Gold Green Red, 18x12x0.5 cm, 10g, Traditional Indian Temple Jewellery, Gift for Ladies","Discover the timeless beauty of the iINTELLIGENCEi Invisible Chain Kasu Dollar Necklace, a luxurious addition to any jewellery collection. Crafted to blend traditional Indian aesthetics with modern comfort, this neckpiece measures exactly 18 x 12 x 0.5 cm and weighs a mere 10 grams, making it an effortlessly wearable accessory for women of all ages. The kasu dollar motif, a beloved symbol of South Indian heritage, is reimagined in a sleek, invisible chain design that appears to float gracefully on the neckline. This versatile necklace comes in six captivating colour variations: Gold, Green, Red, Green & Gold, Red & Gold, and Red & Green. Whether you are attending a wedding, a festival like Diwali or Pongal, or a formal office event, this piece transitions smoothly from traditional sarees and lehengas to contemporary kurtis and western wear. Its lightweight profile ensures you can wear it for hours without discomfort, while the compact dimensions make it perfect for travel and storage. Meticulously crafted with premium materials, the necklace features a durable invisible chain that remains hidden for a clean, streamlined look. The dollar-shaped pendant showcases intricate detailing and a smooth, polished finish that catches the light beautifully. Each colour option is carefully applied to deliver a rich, long-lasting hue, ensuring the necklace retains its vibrant appearance even with regular use. The construction is designed for longevity, with secure clasps and sturdy links that resist tarnishing and breaking. The 18 cm length sits elegantly on the collarbone, while the 12 cm width of the dollar pendant creates a bold yet refined statement. At just 10 grams, it is one of the lightest traditional necklaces available, providing supreme comfort for all-day wear. This Kasu Dollar Necklace makes an excellent gift for birthdays, anniversaries, Raksha Bandhan, or any special occasion. It arrives in an elegant package, ready to impress. VERSATILE OCCASION WEAR: Perfect for weddings, festivals, parties, office and casual outings, this kasu dollar necklace pairs beautifully with sarees, lehengas, kurtis and western tops for a premium • PREMIUM MATERIAL CRAFT: Made with a high-quality invisible chain and a polished alloy dollar pendant, this necklace offers a smooth, hypoallergenic finish that feels comfortable against the skin and • ELEGANT DESIGN DETAIL: The 18 cm length sits gracefully at the collarbone, while the 12 cm dollar motif features intricate embossing and a sleek, lightweight profile that stays comfortable from • BEST COLOUR RANGE: Available in solid Gold, Green, Red and dual-tone Green&Gold, Red&Gold and Red&Green, letting you match this necklace to any outfit, mood or tradition in your wardrobe. • EXACT SPECS ASSURED: Measuring precisely 18 x 12 x 0.5 cm and weighing only 6 grams, this ultra-light necklace is easy to wear, pack and store, ensuring it becomes your everyday luxury choice.",in stock,new,450.00 INR,250.00 INR,https://www.indiabusinessinternational.online/p/invisible-chain-kasu-dollar-necklace-for-women-gold-green-red-18x12x0-5-cm-10g/,https://drive.google.com/thumbnail?id=1wg3rol3nmKkdSOBDkA9ThUxk0ZobHThT&sz=w1600,"https://drive.google.com/thumbnail?id=1mksd1nqcs10W9SFyLmyhpK1imlU72grB&sz=w1600,https://drive.google.com/thumbnail?id=1pb-LCHpHqeIQo0RoOfSvGMGunQdGYeT-&sz=w1600,https://drive.google.com/thumbnail?id=1A8CCLYqereDEAGqYpGJTy3IVL66dvd0K&sz=w1600,https://drive.google.com/thumbnail?id=1tKQX8M810Npy8ZkvKDr6p1Mt1CEChsnr&sz=w1600,https://drive.google.com/thumbnail?id=1jfGYC7KfGahsoOABXiR4zYvzYPC0EG3O&sz=w1600,https://drive.google.com/thumbnail?id=1HyVMjwZFiGar8aCDrD7ZYVQ6vOwuZDL4&sz=w1600,https://drive.google.com/thumbnail?id=1iFBPHS5wFfJxQ1H8bMP50P8uccxTnMYK&sz=w1600,https://drive.google.com/thumbnail?id=1IlgNLncJWQNHge_0haYotPmyq5GC1kcJ&sz=w1600",iINTELLIGENCEi,jewellery-choker
PROD-IINTELLIGENCEI-990083,"iINTELLIGENCEi Invisible Chain Single Layer Necklace Gold Tone for Women, 6 Colour Variations, 18 x 12 x 0.5 cm, Lightweight 13 g, Layering Jewellery for Daily Wear Party Occasions","Elevate every ensemble with the iINTELLIGENCEi Invisible Chain Single Layer Necklace, a luxurious gold-tone accessory crafted for the modern Indian woman. This exquisite piece features a seamless invisible chain design that sits elegantly against the collarbone, offering a delicate yet striking look. Available in six stunning colour variations – Black, Green, Multicolour, Black & Green, Black & Multicolour, and Green & Multicolour – this necklace effortlessly complements sarees, lehengas, kurtis, and western wear. Whether you're heading to a wedding, festive celebration, corporate event, or a casual day out, this versatile necklace adds a premium finishing touch to any outfit. Meticulously designed with a single-layer construction, the necklace provides a sleek and modern aesthetic that layers beautifully with other chains or stands alone as a statement piece. The gold-tone finish radiates warmth and sophistication, making it a must-have addition to your jewellery collection. At just 13 grams, it feels feather-light on the skin, ensuring all-day comfort without any heaviness or irritation. The compact dimensions of 18 x 12 x 0.5 cm make it easy to store in a jewellery box, travel pouch, or handbag, perfect for women who are always on the go. Each colour variation has been carefully curated to offer maximum styling flexibility. The Black version brings a bold, edgy vibe; Green adds a touch of nature-inspired elegance; Multicolour offers a playful, contemporary energy; Black & Green creates a chic contrast; Black & Multicolour blends mystery with celebration; and Green & Multicolour delivers a fresh, vibrant pop. This range ensures you can match your necklace to your mood, outfit, or occasion with ease. The invisible chain design also makes it an ideal layering piece, allowing you to combine it with pendants, longer chains, or chokers for a curated, high-fashion look. SIX VERSATILE SHADES: Choose from Black, Green, Multicolour, Black & Green, Black & Multicolour, and Green & Multicolour to match every outfit, occasion, and personal style with premium gold-tone • FEATHER-LIGHT COMFORT: Weighing just 13 g, this invisible chain necklace feels barely there on the skin, perfect for long hours of wear at work, weddings, or festive gatherings without any neck • LUXURIOUS GOLD TONE: The rich, lustrous gold-tone finish adds a premium shine that mimics expensive jewellery, elevating both traditional Indian sarees and modern western dresses with timeless • SLEEK INVISIBLE DESIGN: The single-layer invisible chain creates a seamless, continuous line that looks elegant alone or layered with other necklaces, pendants, and chokers for a trendy stacked look. • COMPACT AND PORTABLE: Measuring 18 x 12 x 0.",in stock,new,450.00 INR,250.00 INR,https://www.indiabusinessinternational.online/p/invisible-chain-single-layer-necklace-gold-tone-for-women-6-colour-variations/,https://drive.google.com/thumbnail?id=1XexxijD3-8kGKxUIIDhg5vudgBYDx7Vp&sz=w1600,"https://drive.google.com/thumbnail?id=1tr7RKab8QP4oaZYwOzkkqvlMoOcnhlwe&sz=w1600,https://drive.google.com/thumbnail?id=1IdCdvXKHMXII9rLz_W93mr2eRb7XZVUz&sz=w1600,https://drive.google.com/thumbnail?id=1JB0KGqfe0xs5UkOt_0g4hVL9uZysPT4w&sz=w1600,https://drive.google.com/thumbnail?id=1VMiWujgWbqRHTE-0f_4Ubp7Hw8GwS1Jn&sz=w1600,https://drive.google.com/thumbnail?id=1_8P1g_TfdCmIyq3LVVrEExKTEOETgM_V&sz=w1600,https://drive.google.com/thumbnail?id=1qcbZh2_7y0oBHaJJWU0VjgEA_EeBxfWJ&sz=w1600,https://drive.google.com/thumbnail?id=19DHQ0w60Y4Fi5LfcXE4nNoZxv87JsUB5&sz=w1600,https://drive.google.com/thumbnail?id=1GMQmi3mq0ZUtlWBSyn9KJFbmNgRG7BdC&sz=w1600",iINTELLIGENCEi,jewellery-choker
PROD-IINTELLIGENCEI-151619,"iINTELLIGENCEi Invisible Chain Single Layer 42x12.5x0.5 cm 22 gm, Adjustable Layered Necklace, Premium Metal Jewellery for Women, Party Wear, Gift, Lightweight, Lead-Free Alloy","Elevate your everyday style with the iINTELLIGENCEi Invisible Chain Single Layer Necklace, a masterpiece of precision craftsmanship designed for the modern Indian woman. Made from premium lead-free alloy metal, this necklace delivers a luxurious look without the heavy feel, making it ideal for all-day wear from office meetings to evening parties. The single-layer invisible chain design creates a seamless, elegant line that pairs beautifully with both traditional sarees and contemporary Western dresses, ensuring versatility across every occasion in your wardrobe. This exquisite neckpiece measures exactly 42 x 12.5 x 0.5 cm and weighs a mere 22 grams, offering featherlight comfort that lets you forget you are wearing it. The adjustable length allows you to style it as a choker or a longer pendant necklace, adapting effortlessly to your neckline and outfit. With 23 stunning colour variations, from Emerald Green 108 to Ruby Red 109, Royal Blue 113, Multicolor 107, and the classic Green 101, you can match your mood, attire, and festive celebration with ease, making it a must-have addition to any jewellery collection. Crafted with anti-tarnish properties, this fashion jewellery resists oxidation and keeps its lustre for years, even with regular use in humid climates. The lead-free alloy construction is safe for sensitive skin, reducing the risk of irritation, while the smooth finish and secure clasp ensure comfortable, worry-free fastening. Each chain is hand-finished with meticulous attention to detail, delivering a premium boutique-quality piece at an accessible price point, perfect for gifting on birthdays, anniversaries, or festive occasions like Diwali and Raksha Bandhan. Ideal for daily wear, office chic, holiday parties, bridal trousseau, or simply elevating a casual jeans-and-top ensemble, this invisible chain serves as your go-to accessory. VERSATILE EVERYDAY NECKLACE: Perfect for parties, weddings, office wear, and casual outings, this single-layer invisible chain pairs with ethnic sarees, kurtis, lehengas, and Western tops, making it • PREMIUM LEAD-FREE ALLOY: Crafted from high-grade, nickel-free lead-free alloy metal, this necklace offers a premium look and feel while being safe for sensitive skin, ensuring comfortable and safe • ELEGANT INVISIBLE CHAIN DESIGN: The sleek invisible chain construction creates a seamless, barely-there look that highlights your neckline beautifully, adding a touch of sophistication to any • ANTI-TARNISH DURABILITY: Treated to resist tarnishing, scratching, and fading, this lightweight jewellery stays shiny and lustrous through daily wear, maintaining its premium appearance for years. • LIGHTWEIGHT 22 GM, 42 CM: Measuring exactly 42 x 12.5 x 0.5 cm and weighing just 22 grams, this adjustable chain delivers comfortable, all-day wear without pulling or straining your neck.",out of stock,new,375.00 INR,250.00 INR,https://www.indiabusinessinternational.online/p/invisible-chain-single-layer-42x12-5x0-5-cm-22-gm-adjustable-layered-necklace/,https://drive.google.com/thumbnail?id=1Zhta_xBi6M0k4V1cZNMIQ1rXlObBATYF&sz=w1600,"https://drive.google.com/thumbnail?id=1bLA2YGBO3HuKjxAPwvhQFjafW89donAh&sz=w1600,https://drive.google.com/thumbnail?id=1iq2ECnGV8D-IWg7TSDiTVb_2AWQ58d4f&sz=w1600,https://drive.google.com/thumbnail?id=1LsVLjvv_yQ7CssyQp95KJlUZoVH2IpGw&sz=w1600,https://drive.google.com/thumbnail?id=1g88aryqrIK7q7ieZphfmzeiwSdRq__mR&sz=w1600,https://drive.google.com/thumbnail?id=1rL9MvjghKReffE_5wpa5hrutQdMMZuda&sz=w1600,https://drive.google.com/thumbnail?id=1gOakGzndhzwKjSu8iggGt5ZZbZauO7To&sz=w1600,https://drive.google.com/thumbnail?id=10NLW3WclBJXCNP_ehbrqyX8uD4ErFkGN&sz=w1600,https://drive.google.com/thumbnail?id=18VkCDMzDt6RfjKE15rcUtPzx-Gydr6s2&sz=w1600",iINTELLIGENCEi,jewellery-choker
PROD-IINTELLIGENCEI-610625,"iINTELLIGENCEi Hydro Crystal Beads Chain Necklace Adjustable Rope for Women, Multi Strand Indian Ethnic Layered Statement Jewelry, Festive Party Wear Beaded Necklace, 52 x 1 x 0.5 cm, 20 gm","Elevate every ensemble with the iINTELLIGENCEi Hydro Crystal Beads Chain Necklace, a luxurious multi strand creation that captures the essence of Indian elegance and contemporary boho chic. This adjustable rope necklace is meticulously crafted for the modern woman who desires versatile statement jewelry that transitions effortlessly from traditional ceremonies to casual soirees. The hydro crystal beads offer a brilliant, gemstone-like shimmer that catches the light beautifully, making it an exquisite choice for weddings, festivals, and celebratory gatherings. Embrace the artistry of Indian ethnic craftsmanship with this hand-assembled beaded necklace, featuring multiple strands of lustrous crystals that create a rich, layered appearance. The thoughtful design includes an adjustable dori closure, allowing you to wear it as a classic choker or a longer, flowing necklace. This adaptability ensures a perfect fit for every neckline and personal style, making it a staple in any jewellery collection. Its lightweight construction means you can wear it comfortably from dawn to dusk, enhancing your look without any added strain. Constructed from premium hydro crystal beads and a durable, soft rope, this necklace promises longevity and enduring beauty. Measuring precisely 52 x 1 x 0.5 cm and weighing a mere 20 g, it is both substantial in appearance and remarkably easy to wear. The secure dori tie ensures the necklace stays in place, while the high-quality threading prevents breakage, making it a reliable accessory for frequent use. Whether you are dressing up for a festive puja or adding a touch of glamour to an office outfit, this piece is your perfect companion. This piece is ideally suited for a wide range of occasions, including Diwali, Eid, weddings, engagement parties, and family functions. It also serves as a fantastic option for daily wear, adding a subtle yet striking accent to western wear, suits, kurtis, or sarees. VERSATILE STYLE WEAR: Perfect for festive functions, weddings, parties, and daily ethnic wear, this multi strand hydro crystal necklace complements sarees, lehengas, kurtis, and western outfits with • PREMIUM CRYSTAL BUILD: Designed with high-grade hydro crystal beads that deliver a brilliant, gemstone-like sparkle and a smooth, polished texture, offering a luxurious look that mimics the beauty • ADJUSTABLE COMFORT FIT: Featuring a secure and practical dori tie closure, this adjustable rope necklace is crafted for a customised fit, allowing wear as a choker or layered long necklace for • DURABLE HANDMADE CRAFT: Each hand-assembled strand is threaded on a sturdy rope with reinforced knots, ensuring excellent resistance to daily wear and tear, while the premium beads resist scratches • EXACT LIGHTWEIGHT SPECS: Delivering a featherlight feel at just 20 g, this 52 x 1 x 0.",in stock,new,374.00 INR,249.00 INR,https://www.indiabusinessinternational.online/p/hydro-crystal-beads-chain-necklace-adjustable-rope-for-women-multi-strand/,https://drive.google.com/thumbnail?id=1OlLY5G7UeHqNTdO4xAxbRf7OcmDTF3LN&sz=w1600,"https://drive.google.com/thumbnail?id=194-gAhc_Uo6UwRMoeDt2denpGLz553Wc&sz=w1600,https://drive.google.com/thumbnail?id=1BSCeie9eK5trPv4jTZnTbfRWJQR0c174&sz=w1600,https://drive.google.com/thumbnail?id=1xJ1QmCrl1dQfg6sEEXTrmCPFQdrO1FIf&sz=w1600,https://drive.google.com/thumbnail?id=1e4dOulh5mW03NquITtYCK33j7Mm_g5DF&sz=w1600,https://drive.google.com/thumbnail?id=1PwawAlWSolXCYkkFNeA2BBb1zkUeWW1g&sz=w1600,https://drive.google.com/thumbnail?id=1lwRenHdAICdk4VyXZ3mgV8O8AwmIO7gK&sz=w1600,https://drive.google.com/thumbnail?id=1biaiD9IgUDDZMCdp-3h4nEYnj9NDGB3t&sz=w1600,https://drive.google.com/thumbnail?id=1KsNy6aHfUOi0O3Apq-U6bovWhfIXYW20&sz=w1600",iINTELLIGENCEi,clothing-women
PROD-IINTELLIGENCEI-050375,"iINTELLIGENCEi Hydro Crystal Beads Chain Necklace Adjustable Rope, Multi Strand Beaded Mala for Women, Traditional Ethnic Indian Jewellery, Party Wear Dori Necklace, 52x1x0.5 cm, 20 gm","Elevate your ethnic wardrobe with the iINTELLIGENCEi Hydro Crystal Beads Chain Necklace, a luxurious and premium multi strand beaded mala crafted for the modern Indian woman. This traditional necklace combines the timeless charm of seed beads with the sparkling elegance of hydro crystal beads, creating a layered necklace that catches light beautifully. Whether you are attending a festive celebration, wedding function, or a grand party, this handmade style necklace adds a sophisticated touch to every outfit, from sarees and lehengas to contemporary kurtis. The adjustable dori necklace design offers versatile styling options, allowing you to wear it as a comfortable choker, a mid-length layered necklace, or a longer beaded mala. The adjustable rope closure ensures a perfect fit for every neckline and body type, making it a practical yet stylish choice for daily ethnic wear. The multi strand construction features beautifully curated colour combinations, including Navy Blue & Dark Green, Navy Blue & Yellow, Navy Blue & Orange, Navy Blue & Red, Dark Green & Dark Red, Dark Green & Yellow, Dark Green & Orange, Dark Red & Yellow, Dark Red & Orange, and Orange & Yellow, so you can choose the perfect shade to match your festive wardrobe. Each necklace measures 52 x 1 x 0.5 cm and weighs just 20 g, making it incredibly lightweight and comfortable for all-day wear. The crystal pendant and seed bead detailing add a refined, gold tone finish that complements traditional and fusion jewellery styles. This fashion jewellery piece is crafted with durability in mind, ensuring the beads and dori rope withstand regular use at weddings, receptions, and cultural events without losing their lustre or shape. A wonderful gifting option, this crystal bead necklace is ideal for birthdays, anniversaries, Diwali, Dussehra, Raksha Bandhan, and other special occasions. It also serves as a stunning bridal jewellery accessory for bridesmaids and guests. VERSATILE MULTI OCCASION: Perfect as traditional necklace, festive wear necklace, party wear necklace, and wedding jewellery, this layered necklace suits sarees, lehengas, and kurtis for all celebrations. • PREMIUM HYDRO CRYSTAL MATERIAL: Crafted with sparkling hydro crystal beads and colourful seed beads, this ethnic necklace offers a luxurious, handmade style finish with a gold tone tassel dori closure. • ADJUSTABLE DORI COMFORT: The adjustable dori necklace rope lets you customise the fit for choker, mid-length, or long mala styles, ensuring all-day comfort and easy styling for any neckline. • DURABLE BEADED CONSTRUCTION: Multi strand beaded mala design with tightly knotted thread keeps crystal beads secure, preventing breakage and maintaining shape through repeated festive and party wear. • LIGHTWEIGHT SPECIFICATIONS: Measuring 52 x 1 x 0.5 cm and weighing only 20 g, this crystal pendant necklace is featherlight, easy to carry, and comfortable for long events and travel.",out of stock,new,749.00 INR,499.00 INR,https://www.indiabusinessinternational.online/p/hydro-crystal-beads-chain-necklace-adjustable-rope-multi-strand-beaded-mala-for/,https://drive.google.com/thumbnail?id=1t8VbpShiN7D9ZYlpu1f2AVISPJMiL0LI&sz=w1600,"https://drive.google.com/thumbnail?id=1ztMlELQV1QYAVq7n2cZPJwWk-_v1MADe&sz=w1600,https://drive.google.com/thumbnail?id=1JNKahNmKy49ixffaxYl_2t0tR68mwr_X&sz=w1600,https://drive.google.com/thumbnail?id=1LmBDuvbmL5Wp2dIy7TTijQeCPj8oWxOJ&sz=w1600,https://drive.google.com/thumbnail?id=1ZkPo1UdiMK9ObFUoUjYwmCaatlZPOIt6&sz=w1600,https://drive.google.com/thumbnail?id=1OiDmbH_OIxys6HNbfIErHe73WzYR-bac&sz=w1600,https://drive.google.com/thumbnail?id=1FYixRYzLkJoG7-AOS8jpxqGz6Jq5eTOA&sz=w1600,https://drive.google.com/thumbnail?id=1sD4dlm4Ry4hDrCvfFI58t0gKnQ8jPKCx&sz=w1600,https://drive.google.com/thumbnail?id=1ioMvJfJm54abtXMEor2WiCnu6XHtGvwe&sz=w1600",iINTELLIGENCEi,clothing-women
PROD-IINTELLIGENCEI-031130,"iINTELLIGENCEi Natural Organic Coconut Husk 1 Kg, Raw Dry Coir Fiber for Gardening, Plants, Mulch, Soil Amendment, Eco Friendly Biodegradable Growing Medium, 30x20x15 cm","Discover the luxurious purity of iINTELLIGENCEi Natural Organic Coconut Husk, a premium 1 kg pack of raw, dry coir fiber sourced from the lush coconut groves of Kanyakumari, Tamil Nadu. This sustainable gardening material is meticulously processed to retain its natural structure, delivering an exceptional growing medium for plants, vegetables, herbs, and ornamental gardens. Each fibrous husk acts as a natural sponge, holding moisture and releasing it gradually, reducing watering frequency while keeping roots hydrated and healthy. This versatile coconut husk serves as an excellent soil amendment, improving aeration and drainage in heavy clay soils, while also helping sandy soils retain essential nutrients. Use it as mulch to suppress weeds, regulate soil temperature, and prevent erosion. Beyond gardening, this biodegradable coconut husk is ideal for composting, orchid cultivation, terrariums, and as a natural bedding or habitat for reptiles and small animals. Its organic composition enriches the soil as it breaks down, promoting robust root development and vigorous plant growth. Crafted from 100% natural coconut fiber, this coco husk is free from synthetic additives, chemicals, and pesticides, making it a safe and eco friendly choice for organic gardening. The coarse, durable fibers resist compaction, ensuring long-lasting structure in pots, raised beds, and garden plots. Whether you are a home gardener, urban farmer, or landscaping professional, this coconut coir provides a reliable, renewable resource for all your planting needs. Each 1 kg pack of natural coconut husk measures 30.00 × 20.00 × 15.00 cm and weighs 1000 grams, making it convenient to handle and store. To use, simply moisten the husk for faster decomposition or layer it directly in planting holes, containers, or as a top dressing. Over time, it enriches the soil with organic matter, improving fertility and microbial activity. VERSATILE GARDENING USE: Ideal for mulching, soil amending, composting, orchid growing, terrariums, and as natural reptile bedding, this coco husk serves multiple eco friendly gardening applications. • PREMIUM NATURAL MATERIAL: Made from 100% organic raw coconut husk with no chemicals or additives, this dry coconut fiber is safe for organic gardening, improving soil structure and nutrient retention. • EXCELLENT MOISTURE CONTROL: Natural coir fiber acts as a sponge, holding water and releasing it slowly, reducing plant watering needs and preventing root rot, ideal for Indian climate. • DURABLE AND LONG LASTING: Coco fiber resists compaction and breakdown, maintaining aeration and drainage for up to 3 years, ensuring repeated use for vegetables, flowers, and more. • EXACT PACK SPECIFICATIONS: This pack weighs 1000 g (1 kg) and measures 30.00 × 20.00 × 15.00 cm, providing generous quantity of organic coconut husk for potted plants and home gardens.",out of stock,new,375.00 INR,250.00 INR,https://www.indiabusinessinternational.online/p/natural-organic-coconut-husk-1-kg-raw-dry-coir-fiber-for-gardening-plants-mulch/,https://drive.google.com/thumbnail?id=1KGTG1GmReD3uM7O7ua7STsGlv2jtqzSU&sz=w1600,"https://drive.google.com/thumbnail?id=1_9ni8A9iQwau1p45TTCbXN97bljvyupz&sz=w1600,https://drive.google.com/thumbnail?id=1bvAWYjgw3HEF6qQUCRzYaRvMeRt1G14g&sz=w1600,https://drive.google.com/thumbnail?id=15-P0N1_BKsEaRkUsMDmQSvghvr6zd4Xl&sz=w1600,https://drive.google.com/thumbnail?id=1kyH3b-Zy3SoV7v-BjP-DEVBr0W7LHcLP&sz=w1600,https://drive.google.com/thumbnail?id=1QWyWeI8_ywWctGk3-5tlzVWVx2DfMDHr&sz=w1600",iINTELLIGENCEi,home-garden
PROD-IINTELLIGENCEI-029397,"iINTELLIGENCEi Palm Jaggery Natural Karupatti, Traditional Palm Gur, Pure Panai Vellam, Unrefined Palm Sugar for Cooking, Tea, Sweets, Desserts, 500g & 1kg Block, each 1 Qty","Discover the luxurious essence of traditional Indian sweetness with iINTELLIGENCEi Palm Jaggery. This 500g & 1kg block of pure palm jaggery, also known as karupatti or panai vellam, is crafted from the nectar of palm trees, delivering an unrefined, natural sweetness that refined sugars cannot match. Each block is rich in minerals and antioxidants, making it a wholesome choice for health-conscious households across India. This natural palm jaggery is incredibly versatile. Use it to sweeten your morning tea or coffee, add depth to traditional sweets like payasam and kesari, or incorporate it into your daily cooking for a caramel-like flavour. It dissolves easily and enhances the taste of desserts, marinades, and beverages, making it an indispensable pantry staple for every Indian kitchen. Sourced from the finest palm trees, this traditional palm gur is processed without chemicals or preservatives, retaining all its natural goodness. The earthy, smoky notes of palm jaggery elevate everything from traditional Indian desserts to modern health recipes, while providing a richer, more complex sweetness compared to ordinary sugar or jaggery made from sugarcane. The 500g & 1kg blocks are perfectly sized for regular home use, and its compact dimensions of make it easy to store in your kitchen cabinet. Whether you are preparing festive sweets, baking, or simply stirring it into warm milk for a comforting drink, this karupatti vellam is an excellent choice for those seeking a natural, unrefined sweetener. Ideal for families, fitness enthusiasts, and anyone who values traditional ingredients, this palm jaggery is a premium, natural alternative to refined sugar. Experience the pure, unadulterated taste of India's traditional sweetener, packed with the goodness of nature in every bite. Add this desi palm jaggery to your diet and enjoy a healthier, tastier way to satisfy your sweet cravings. VERSATILE USE CASES: Perfect for tea, coffee, sweets, desserts, and cooking, this palm jaggery adds natural caramel sweetness to payasam, halwa, porridge, and healthy snacks. • PURE PALM MATERIAL: Made from 100% natural palm tree sap, this karupatti vellam is unrefined, chemical-free, and packed with minerals, iron, and antioxidants for better health. • PREMIUM BLOCK DESIGN: Each block is neatly moulded into a dense, easy-to-break slab that can be chopped or grated quickly, offering mess-free handling in the kitchen. • LONG-LASTING FRESHNESS: Naturally preserved with no additives, this traditional palm gur stays fresh for months when stored in an airtight container away from moisture. • EXACT SPECIFICATION: Weighs exactly 500 g and measures 11.5 x 11.5 x 6 cm, providing a substantial quantity of sweetener ideal for extended family use.",in stock,new,899.00 INR,399.00 INR,https://www.indiabusinessinternational.online/p/palm-jaggery-natural-karupatti-traditional-palm-gur-pure-panai-vellam-unrefined/,https://drive.google.com/thumbnail?id=1oTJGw6l1BIbxzEvhgVKO1z8alhuPT8y9&sz=w1600,"https://drive.google.com/thumbnail?id=1Lc13yP7pRPWXcmiiryuxwYSA4BuDMt62&sz=w1600,https://drive.google.com/thumbnail?id=1U-WcqNZolzWZBSFDnaYyzYlp5I3J7Mbb&sz=w1600,https://drive.google.com/thumbnail?id=1LfYkjsO0OpUBPmaakNtdLP6IVarugNjh&sz=w1600",iINTELLIGENCEi,grocery
PROD-IINTELLIGENCEI-332166,"iINTELLIGENCEi Clay Uthupathi Stand Round Terracotta Diya Incense Holder, 10x10x2.5 cm, 99 gm, 2 Qty, Pooja Oil Lamp, Sambrani Dhoop Agarbatti Burner, Handmade Earthenware Deepam","Presenting the iINTELLIGENCEi Clay Uthupathi Stand Round, a luxurious terracotta diya that elevates your daily worship and home décor to an art form. Handcrafted by skilled Indian artisans in Kanyakumari, this earthen diya holder is a celebration of traditional craftsmanship, designed to hold a glowing oil lamp, incense sticks, or a fragrant sambrani dhoop. Its warm, earthy texture and authentic clay finish bring a serene, spiritual ambience to any puja room, meditation corner, or festive setting, making it an indispensable pooja accessory for the modern Indian home. This versatile clay incense holder serves as a graceful agarbatti stand, a camphor holder, and a traditional Deepam lamp base. Whether you are performing your daily aarti, lighting a diya during Diwali, or enjoying a calming aroma therapy session, this terracotta burner provides a stable and beautiful platform for your rituals. The compact round design with a 10 cm diameter fits comfortably in your palm, while the 2.5 cm height keeps the flame safely elevated, making it ideal for both home pooja items and temple accessories. Crafted from premium natural clay and fired at high temperatures, this handmade clay diya is robust enough for repeated use and offers excellent heat resistance. The porous terracotta surface naturally absorbs oils and fragrances, slowly releasing them during use to enhance your meditation and spiritual décor experience. As a traditional Indian handicraft, each piece may feature subtle variations in tone and texture, adding to its unique, authentic charm. Measuring exactly 10 × 10 × 2.5 cm and weighing just 99 g, this lightweight earthenware diya is easy to place on any altar, shelf, or table. The set is available in 2 Qty , allowing you to choose the perfect number for your requirements. This clay sambrani holder is not just a functional worship accessory; it is an elegant piece of traditional home décor that reflects your appreciation for heritage and quality. MULTIPURPOSE PUJA STAND: Functions as a traditional deepam lamp base, agarbatti holder, sambrani dhoop stand, and camphor burner, ideal for daily pooja, festivals like Diwali, and meditation sessions. • PREMIUM TERRACOTTA MATERIAL: Handcrafted from natural clay, this earthen diya is fired for strength and offers a warm, earthy finish that complements any traditional or modern home décor setting. • ELEGANT ROUND DESIGN: The compact 10 cm round shape provides a stable platform for oil lamps and incense, while the shallow 2.5 cm basin holds diyas, dhoop cones, and aroma melts securely. • DURABLE AND HEAT RESISTANT: Built to withstand repeated flame use, this clay incense burner resists cracking and retains its shape, giving you a long-lasting worship accessory for years of devotional practice. • COMPACT AND LIGHTWEIGHT: At exactly 10 x 10 x 2.5 cm and 99 g, this portable terracotta diya is easy to handle, store, and carry, making it perfect for home, travel, or temple use.",in stock,new,419.00 INR,279.00 INR,https://www.indiabusinessinternational.online/p/clay-uthupathi-stand-round-terracotta-diya-incense-holder-10x10x2-5-cm-99-gm-2/,https://drive.google.com/thumbnail?id=1Ez4nnB0Y8E1omSYNAu3AI3EroXyrM1fx&sz=w1600,"https://drive.google.com/thumbnail?id=1n3XWbqT8LvSnu9MDDMRbkmYQ8qXWIiBr&sz=w1600,https://drive.google.com/thumbnail?id=1t0T8wSfaJ2VA6YPbPJvqvddXt1KiyBkf&sz=w1600,https://drive.google.com/thumbnail?id=1P7aj4p3Pq6lvUdVTMeHpZ7cBQgwFk4R2&sz=w1600,https://drive.google.com/thumbnail?id=1uCmIdq45lNWukJK3g7AyMZMs2jpAZ7YS&sz=w1600,https://drive.google.com/thumbnail?id=1xPq8tFpg2lmZOPoXeziN7Tmbr1H80DFB&sz=w1600",iINTELLIGENCEi,home-decor
PROD-IINTELLIGENCEI-782378,"iINTELLIGENCEi Banana Live Plant Sapling, 650 gm, 1 Qty – Matti, Nendran, Rasa Kathali, Red Banana Varieties, Tropical Fruit Bearing Tree for Home, Terrace, Kitchen Garden, 29 x 13 x 13 cm","Introducing the iINTELLIGENCEi banana live plant sapling, a premium living gift from the lush tropics of India, delivered fresh to your doorstep in Kanyakumari. This healthy live plant is a fruit bearing plant that transforms any home garden, terrace garden, or kitchen garden into a verdant oasis of edible luxury. Each 650 gm sapling is carefully nurtured in a nursery, ensuring a robust root system and vigorous growth for a bountiful harvest of authentic Indian banana varieties. Choose from a selection of celebrated cultivars, including the GI Tag Matti banana plant, the Kerala-favourite Nendran banana plant, the fragrant Rasa Kathali banana plant, and the exotic Red banana plant. These banana variety plants are prized for their unique flavours and cultural significance across India. Whether you are a seasoned gardener or a novice, this banana tree sapling promises a rewarding journey from planting to plucking, offering not just fruit but also lush tropical foliage that elevates your outdoor space. The banana plant sapling arrives in a convenient 29 x 13 x 13 cm pack, weighing 1108 g including the soil and container, with the plant itself at 650 gm. This compact size is perfect for easy handling and planting, suitable for ground beds, large pots, or raised planters. Each sapling is a live, growing organism, ready to be transplanted into its new home. With proper care, including ample sunlight and regular watering, your banana tree plant will flourish, producing edible fruit in the appropriate season. This outdoor banana plant is more than a plant—it is an investment in greenery and self-sufficiency. Ideal for farm plant enthusiasts and home gardeners alike, it serves as a striking focal point in any landscape. The banana seedling's broad leaves create a natural privacy screen and add a tropical resort feel to your premises. As a live fruit plant, it offers the satisfaction of growing your own food while contributing to a healthier environment. LIVE BANANA PLANT: This healthy live fruit plant is ready to grow in your home, terrace, or kitchen garden, offering authentic Indian banana varieties like Matti, Nendran, Rasa Kathali, and Red for • PREMIUM NURSERY QUALITY: Each banana tree sapling is nursery-grown with care, ensuring a strong root system and vigorous growth. • TROPICAL VERSATILITY: Ideal as an outdoor banana plant, it also thrives in large containers on terraces. • GI TAG HERITAGE: Enjoy the legacy of India's celebrated bananas, including the GI Tag Matti banana plant and the famous Nendran banana plant. • COMPACT PACK DIMENSIONS: Delivered in a 29 x 13 x 13 cm pack with a total weight of 1108 g, this banana plant sapling is easy to handle and plant.",in stock,new,599.00 INR,399.00 INR,https://www.indiabusinessinternational.online/p/banana-live-plant-sapling-650-gm-1-qty-matti-nendran-rasa-kathali-red-banana/,https://drive.google.com/thumbnail?id=1f4JTaZOWne4_8CFWUnfCb0fj9QuefmPV&sz=w1600,"https://drive.google.com/thumbnail?id=1UR7_f3zrqwpllFtDAHqsysj3GBl9Y7TW&sz=w1600,https://drive.google.com/thumbnail?id=187LVl_DlN0ZP0AM9o60on6e1Asb9CvFr&sz=w1600,https://drive.google.com/thumbnail?id=1MePWVKfsCu_y1vaXRSPDLa93pAzdhtqe&sz=w1600,https://drive.google.com/thumbnail?id=1P2-c09ZvI_B2d4xapsCuZBRLR_iokFJb&sz=w1600,https://drive.google.com/thumbnail?id=1CLi5k7CcODjfbDt82KAOFfXnMVWhUx2t&sz=w1600,https://drive.google.com/thumbnail?id=1YTHWpFZCYNqgEWScBITIbWedQd9Nzcxf&sz=w1600,https://drive.google.com/thumbnail?id=1VRIRxfNSNm5bW88HcvnUZfeZhAqshmx1&sz=w1600,https://drive.google.com/thumbnail?id=15HrVW2RQmGvgClPcUKhrH7A-L3JdQ6ed&sz=w1600",iINTELLIGENCEi,grocery-organic
PROD-IINTELLIGENCEI-618510,"iINTELLIGENCEi Natural Fresh Leaves for Pooja, Cooking & Traditional Uses","iINTELLIGENCEi brings you a luxurious selection of natural fresh leaves, thoughtfully sourced from the verdant gardens of Kanyakumari, Tamil Nadu, to elevate your pooja ceremonies, culinary creations, and traditional wellness routines. Each leaf variety is handpicked at peak freshness, preserving its natural aroma, colour, and vitality. Whether you seek therali leaves for worshipping Lord Shiva, thulasi basil leaves for daily prayer, or aromatic curry leaves (karuveppilai) to enrich your dishes, this premium collection offers an authentic connection to India’s rich botanical heritage. For sacred rituals, our range includes therali leaves, thulasi (holy basil) leaves, neem leaves, mango leaves, and jackfruit leaves — all integral to Hindu poojas, homams, and festive decorations. Banana leaves, round-cut at 9 inches in diameter, serve as eco-friendly, biodegradable plates for traditional feasts and offerings. Hibiscus leaves (cemparuthi ilai) and maruthani leaves are prized for their use in Ayurvedic preparations and beauty rituals, while eucalyptus and guava leaves bring their distinct fragrances to spiritual and medicinal purposes. For the discerning cook, we supply moringa leaves (drumstick leaves) and curry leaves (karuveppilai) in generous 250-gram packs, perfect for seasoning sambar, rasam, and chutneys. Mint leaves add a refreshing zest to chutneys and beverages, while pandan (rambai) leaves and biriyani leaves infuse rice dishes and desserts with an enchanting, natural fragrance. Papaya leaves, often used in traditional remedies, arrive in convenient 2-quantity packs, ensuring you have just the right amount for your needs. Each variety is carefully cleaned, sorted, and packed without synthetic preservatives, retaining the leaves’ natural enzymes and essential oils. POOJA & COOKING VERSATILITY: Fresh therali, thulasi, neem, mango, and jackfruit leaves for rituals; moringa, curry, mint, and pandan leaves for authentic South Indian and festive cooking. • PREMIUM NATURAL QUALITY: Handpicked green leaves from Kanyakumari farms, retaining natural aroma, colour, and essential oils — no synthetic preservatives, ideal for daily pooja and Ayurvedic home • CONVENIENT PACK SIZES: Choose from 50-qty packs (therali, thulasi, neem, mint, mango, maruthani, hibiscus, jackfruit), 250-gram packs (moringa, curry leaves), 10-qty packs (banana round-cut 9 inch, • FRESHNESS-PRESERVING HYGIENE: Each leaf variety is washed, air-dried, and sealed in breathable food-grade packaging, ensuring leaves stay vibrant and usable for pooja decorations, prasadam, and • LIGHTWEIGHT 100 GRAM SUPPLY: The complete selection weighs just 100 grams, making it easy to store and handle; exact pack quantities vary by leaf type, from 2 to 250 grams per pack.",in stock,new,449.00 INR,199.00 INR,https://www.indiabusinessinternational.online/p/natural-fresh-leaves-for-pooja-cooking-and-traditional-uses/,https://drive.google.com/thumbnail?id=13crWxN-Jks90HClsT8fL1aIs9s_TRl3B&sz=w1600,"https://drive.google.com/thumbnail?id=1jmDGif0o5Tvd4zdpuCzFEhXUOq3EXrpV&sz=w1600,https://drive.google.com/thumbnail?id=1uk6nqh5QOrj51mbx3azcf6n4ZvhVaFNQ&sz=w1600,https://drive.google.com/thumbnail?id=1JNMiogpgq0lNnmzxJJ_4C0W-UF0vXv8Q&sz=w1600,https://drive.google.com/thumbnail?id=1G3SrdD1aOG5pYy6mG6jH-5-UxR0jLKYx&sz=w1600,https://drive.google.com/thumbnail?id=1cQqKGX3QM4K9DTzlLJX2QQMa1-67MSFM&sz=w1600,https://drive.google.com/thumbnail?id=1H9GNiQ5wpIbtQVLDWSffbJdD3fpj_6Uk&sz=w1600,https://drive.google.com/thumbnail?id=1AYPyNC7IGzvkv5i_zafCeU9q5P0Jcow7&sz=w1600,https://drive.google.com/thumbnail?id=1S0B5tP1ycnV2A62aAIhtuprFdY3tSSMZ&sz=w1600",iINTELLIGENCEi,grocery
PROD-IINTELLIGENCEI-609812,"iINTELLIGENCEi Traditional Clay Diya Oil Lamp for Pooja, Festival & Home Decoration, Handmade Earthen Terracotta Lamp, Multiple Models and Sizes, Natural Clay Diwali Diya, 6.5x5.5x2.5 cm, 38 g","Celebrate the sacred traditions of India with the iINTELLIGENCEi traditional clay diya oil lamp, a beautifully handcrafted earthen lamp designed for pooja, puja, and festive occasions. Each diya is moulded from natural terracotta clay, giving it an authentic rustic appeal that enhances the spiritual ambience of your home, temple, or prayer corner. Whether you are lighting a lamp for Diwali, Navratri, or a daily evening aarti, this clay diya brings warmth and devotion to every ritual. Crafted by skilled artisans, this handmade clay diya reflects the timeless artistry of Indian pottery. The natural clay body is porous and breathable, allowing the oil to wick steadily and burn evenly with a steady flame. This traditional oil lamp is perfect for offering ghee or oil to deities, and its earthy texture adds a pure, organic touch to your worship space. Multiple models and sizes are available so you can select the ideal diya for your specific need, from small individual lamps for personal prayer to larger pieces for grand festive displays. This decorative earthen diya is not only a religious lamp but also a versatile home decoration piece. Use it to line your entrance, windowsill, or balcony during Diwali, or place it on your centre table as a rustic accent. The natural terracotta finish complements a variety of interior styles, from ethnic Indian décor to modern minimalist settings. Each lamp is lightweight and compact, with dimensions of 6 × 5 × 2 cm and a weight of just 24 g, making it easy to handle, store, and arrange in beautiful patterns. Durability is built into every clay diya, as the terracotta material is fired to strengthen its structure while retaining its natural earthy charm. With proper care, these lamps can be reused for many festivals and rituals. To maintain them, simply wipe with a dry cloth after use and store in a dry place. Avoid submerging in water for extended periods to preserve the clay integrity. VERSATILE POOJA LAMP: Perfect for daily aarti, Diwali, Navratri, and all Hindu festivals, this traditional clay diya enhances prayer rituals and festive home décor with an authentic earthen glow. • NATURAL TERRACOTTA: Handcrafted from natural clay and fired for strength, each diya offers a porous, breathable body that supports steady oil flow and even flame for lasting illumination. • AUTHENTIC HANDMADE DESIGN: Each clay oil lamp bears unique artisan impressions, delivering a genuine rustic terracotta finish that brings timeless tradition to your pooja room or temple. • COMPACT & LIGHTWEIGHT: Measuring just 6 x 5 x 2 cm and weighing 24 g, this tiny earthen diya is easy to arrange, store, and carry, making it ideal for multiple decorative displays. • REUSABLE & EARTHY: Durable natural construction allows repeated use across festivals, and its minimalistic design complements both ethnic and modern interiors for year-round home decoration.",in stock,new,749.00 INR,199.00 INR,https://www.indiabusinessinternational.online/p/traditional-clay-diya-oil-lamp-for-pooja-festival-and-home-decoration-handmade/,https://drive.google.com/thumbnail?id=1oLND--85SJAtQsfyaF0KoXd_Ipf7iBtW&sz=w1600,"https://drive.google.com/thumbnail?id=1tD1JzeUgVW0ZMG9cEXyF88VH3aKoAXNz&sz=w1600,https://drive.google.com/thumbnail?id=1JII3S7vWcxhOnk2bBtkr_qs4WgBw1BVW&sz=w1600,https://drive.google.com/thumbnail?id=1-5-jntP3m84WimloDRF7H_WHD6ydj1p6&sz=w1600,https://drive.google.com/thumbnail?id=1sDrsT-NJANasytAUJiPhx4DsUp3SJJQF&sz=w1600,https://drive.google.com/thumbnail?id=1ZNlCgbOWGfaW4fDEcOgmKu0tWZ-lBcbZ&sz=w1600,https://drive.google.com/thumbnail?id=1r8lM_4JHGoSD968VoYtXrLOlBfArV1oY&sz=w1600,https://drive.google.com/thumbnail?id=1WdQAzLNGDxu5ZrF_wkN6PyquUdmH-OE9&sz=w1600,https://drive.google.com/thumbnail?id=14Um0FOg6seY5RqO9CHTlEV885qG8MixT&sz=w1600",iINTELLIGENCEi,home
PROD-IINTELLIGENCEI-362675,"iINTELLIGENCEi Lakshmi Kasu Coin Necklace Invisible Chain Gold Tone Combo for Women Traditional Temple Jewellery, 20 x 12 x 3 cm, 11 g, Mother Daughter Set","Celebrate the divine grace of Goddess Lakshmi with the iINTELLIGENCEi Lakshmi Kasu Coin Necklace Invisible Chain Gold Tone Combo. This exquisite kasu kasu necklace set brings the timeless charm of South Indian temple jewellery into your everyday wardrobe. Crafted in a rich gold tone, the coin pendant necklace features an invisible chain that creates a sleek, floating look, letting the Lakshmi coin remain the centre of attention. Whether worn for daily pooja, festive gatherings, or traditional ceremonies, this gold tone necklace adds a touch of prosperity and elegance to every outfit. Designed as a mother daughter necklace combo, this beautiful set includes two matching necklaces so you and your little one can share a graceful bond. The traditional kasu mala design is inspired by classic Kerala and Tamil jewellery styles, making it a versatile choice for Onam, Diwali, weddings, and other cultural celebrations. The lightweight construction ensures all-day comfort, allowing women and girls to wear it from morning rituals to evening functions without any heaviness or irritation. Meticulously finished, this ethnic necklace for girls and women features a durable gold tone coating that mimics the lustre of real gold while remaining affordable and easy to maintain. The kasu coin necklace is strung on an invisible chain that is both sturdy and delicate, offering a modern twist to the heritage coin chain style. Each piece measures 20 x 12 x 3 cm and weighs just 11 g for the entire combo, making it an ideal lightweight necklace for those who prefer subtle yet striking accessories. This Lakshmi pendant chain is perfect for traditional fashion jewellery lovers, temple jewellery enthusiasts, and anyone seeking a meaningful accessory for festive wear. The coin charm necklace can be paired with sarees, salwar kameez, lehengas, or even contemporary ethnic dresses. As a pooja jewellery item, it also makes a thoughtful gift for birthdays, anniversaries, or religious occasions. TRADITIONAL COMBO SET: This Lakshmi kasu necklace includes two matching gold tone coin necklaces, perfect for a mother daughter necklace combo, festive wear, pooja, and everyday ethnic styling. • GOLD TONE FINISH: Crafted with a lustrous gold tone finish, this kasu coin necklace mimics the look of real gold, offering an affordable temple jewellery alternative for women and girls. • INVISIBLE CHAIN DESIGN: The coin pendant necklace features an invisible chain that creates a sleek floating effect, making the goddess Lakshmi coin the focal point of this traditional kasu mala. • LIGHTWEIGHT COMFORT: Weighing just 11 g for the entire set, this kasu chain for women and girls ensures all-day comfort, ideal for long festive events, weddings, and daily wear. • COMPACT DIMENSIONS: With overall dimensions of 20 x 12 x 3 cm, this traditional coin chain stores easily, making it a travel-friendly traditional fashion jewellery accessory for any occasion.",out of stock,new,749.00 INR,499.00 INR,https://www.indiabusinessinternational.online/p/lakshmi-kasu-coin-necklace-invisible-chain-gold-tone-combo-for-women/,https://drive.google.com/thumbnail?id=1tA03JmY2Mor-50LvlcP05R-u-u_35XC0&sz=w1600,"https://drive.google.com/thumbnail?id=1ATQolCR5HxgWArKap7CyhdMIOtO4bCZZ&sz=w1600,https://drive.google.com/thumbnail?id=1pf0dgkp_s_fO6WLcmoTwjgrDYt3nZhfx&sz=w1600,https://drive.google.com/thumbnail?id=10tqTo-X0lzVDQcpAwp9N5kNTIOhgBY7I&sz=w1600,https://drive.google.com/thumbnail?id=1E8OcaisD0W-QZJ7PFiZIh6-N-pwG1WR4&sz=w1600",iINTELLIGENCEi,jewellery
